LINK,DIR,TYPE,LANES,LENGTH,OFFSET
15,0,LEFT_TURN,1,100.0,0.0
24,0,LEFT_TURN,2,100.0,0.0
24,0,LEFT_TURN,1,100.0,0.0
30,0,LEFT_TURN,1,100.0,0.0
35,0,LEFT_TURN,1,100.0,0.0
35,1,LEFT_TURN,1,100.0,0.0
36,1,LEFT_TURN,1,100.0,0.0
39,1,LEFT_TURN,1,100.0,0.0
42,0,LEFT_TURN,1,100.0,0.0
43,0,LEFT_TURN,1,100.0,0.0
51,0,RIGHT_MERGE,1,281.2,0.0
68,0,RIGHT_MERGE,1,231.0,0.0
71,0,LEFT_TURN,1,100.0,0.0
74,0,LEFT_TURN,1,100.0,0.0
75,0,LEFT_TURN,1,100.0,0.0
78,0,RIGHT_TURN,1,50.0,0.0
89,0,LEFT_MERGE,1,300.0,0.0
101,0,LEFT_TURN,1,300.0,0.0
118,0,RIGHT_MERGE,1,312.3,0.0
133,0,LEFT_TURN,1,100.0,0.0
169,0,LEFT_TURN,1,100.0,0.0
175,0,RIGHT_MERGE,1,321.9,0.0
207,0,RIGHT_MERGE,1,303.6,0.0
214,0,RIGHT_MERGE,1,248.0,0.0
231,0,RIGHT_MERGE,1,212.0,0.0
250,0,LEFT_TURN,2,125.0,0.0
250,0,LEFT_TURN,1,150.0,0.0
259,0,RIGHT_TURN,1,100.0,0.0
270,1,LEFT_TURN,1,100.0,0.0
271,1,LEFT_TURN,1,100.0,0.0
272,0,LEFT_TURN,1,100.0,0.0
315,1,LEFT_MERGE,1,322.0,0.0
341,0,LEFT_TURN,1,100.0,0.0
355,0,RIGHT_MERGE,1,322.0,0.0
390,0,RIGHT_TURN,1,100.0,0.0
394,0,LEFT_TURN,1,100.0,0.0
397,0,RIGHT_TURN,1,100.0,0.0
403,0,LEFT_TURN,1,70.0,0.0
403,0,RIGHT_TURN,1,70.0,0.0
409,1,LEFT_TURN,1,170.0,0.0
410,1,LEFT_TURN,1,115.0,0.0
410,1,RIGHT_TURN,1,115.0,0.0
417,0,LEFT_TURN,1,100.0,0.0
417,1,LEFT_TURN,1,100.0,0.0
418,0,RIGHT_MERGE,1,224.0,0.0
422,0,LEFT_TURN,1,100.0,0.0
442,0,LEFT_TURN,1,77.5,0.0
443,0,LEFT_TURN,1,77.7,0.0
446,0,RIGHT_MERGE,1,75.0,0.0
472,0,RIGHT_MERGE,1,190.0,0.0
478,0,LEFT_TURN,1,100.0,0.0
479,1,LEFT_TURN,1,100.0,0.0
488,0,LEFT_TURN,1,100.0,0.0
489,0,LEFT_TURN,1,100.0,0.0
496,0,LEFT_TURN,1,100.0,0.0
506,0,LEFT_TURN,1,100.0,0.0
509,0,LEFT_TURN,1,100.0,0.0
514,0,LEFT_TURN,1,100.0,0.0
517,0,LEFT_TURN,1,100.0,0.0
540,0,RIGHT_MERGE,1,85.0,0.0
542,0,LEFT_MERGE,1,50.0,0.0
549,1,LEFT_TURN,1,100.0,0.0
555,0,LEFT_TURN,1,100.0,0.0
559,0,LEFT_TURN,1,100.0,0.0
573,0,LEFT_TURN,1,100.0,0.0
585,0,LEFT_TURN,1,100.0,0.0
586,0,LEFT_TURN,1,100.0,0.0
593,0,LEFT_TURN,1,100.0,0.0
600,1,LEFT_TURN,1,100.0,0.0
601,1,LEFT_TURN,1,100.0,0.0
602,0,LEFT_TURN,2,152.0,0.0
602,0,LEFT_TURN,1,152.0,0.0
602,0,RIGHT_TURN,1,152.0,0.0
603,0,LEFT_TURN,1,100.0,0.0
611,1,LEFT_TURN,1,100.0,0.0
612,1,LEFT_TURN,1,100.0,0.0
613,0,LEFT_TURN,1,64.0,0.0
623,0,LEFT_TURN,1,100.0,0.0
624,0,LEFT_TURN,1,100.0,0.0
628,0,LEFT_TURN,1,100.0,0.0
629,0,LEFT_TURN,1,100.0,0.0
643,0,LEFT_TURN,1,100.0,0.0
644,0,LEFT_TURN,1,100.0,0.0
645,0,LEFT_TURN,1,100.0,0.0
648,0,LEFT_TURN,1,100.0,0.0
650,0,LEFT_TURN,1,100.0,0.0
652,0,LEFT_TURN,1,100.0,0.0
662,1,RIGHT_TURN,1,175.0,0.0
663,1,LEFT_TURN,1,60.0,0.0
663,1,RIGHT_TURN,1,100.0,0.0
666,0,LEFT_TURN,1,100.0,0.0
666,1,LEFT_TURN,1,90.0,0.0
666,1,RIGHT_TURN,1,210.0,0.0
668,1,LEFT_TURN,1,14.2,0.0
668,1,RIGHT_TURN,1,14.2,0.0
670,0,LEFT_TURN,2,27.9,0.0
670,0,LEFT_TURN,1,27.9,0.0
670,0,RIGHT_TURN,1,27.9,0.0
672,0,LEFT_TURN,1,100.0,0.0
673,1,LEFT_TURN,1,100.0,0.0
674,1,LEFT_TURN,1,100.0,0.0
675,0,LEFT_TURN,1,95.0,0.0
678,0,LEFT_MERGE,1,322.2,0.0
682,0,LEFT_TURN,1,100.0,0.0
686,0,LEFT_TURN,1,100.0,0.0
687,0,LEFT_TURN,1,100.0,0.0
695,0,LEFT_TURN,1,100.0,0.0
696,0,LEFT_TURN,2,115.0,0.0
696,0,LEFT_TURN,1,150.0,0.0
698,0,RIGHT_MERGE,1,322.0,0.0
705,0,LEFT_TURN,1,100.0,0.0
707,0,LEFT_TURN,1,200.0,0.0
709,0,LEFT_TURN,1,90.0,0.0
709,0,RIGHT_TURN,2,130.0,0.0
709,0,RIGHT_TURN,1,180.0,0.0
710,0,RIGHT_MERGE,1,170.0,0.0
743,0,LEFT_TURN,1,100.0,0.0
756,0,LEFT_TURN,1,100.0,0.0
759,0,LEFT_TURN,1,53.9,0.0
759,1,LEFT_TURN,1,53.9,0.0
764,0,RIGHT_TURN,1,100.0,0.0
767,0,LEFT_TURN,1,77.0,0.0
767,0,RIGHT_TURN,1,103.0,0.0
774,0,LEFT_TURN,1,100.0,0.0
774,0,RIGHT_TURN,1,100.0,0.0
781,0,RIGHT_TURN,1,100.0,0.0
782,1,LEFT_TURN,1,100.0,0.0
782,1,RIGHT_TURN,1,100.0,0.0
793,1,LEFT_TURN,1,100.0,0.0
793,1,RIGHT_TURN,1,100.0,0.0
801,0,RIGHT_MERGE,1,264.3,0.0
809,1,RIGHT_TURN,1,120.0,0.0
814,0,RIGHT_MERGE,1,176.2,0.0
817,1,LEFT_TURN,1,100.0,0.0
818,1,LEFT_TURN,1,100.0,0.0
824,0,LEFT_MERGE,1,150.0,0.0
825,0,LEFT_TURN,1,300.0,0.0
828,0,LEFT_TURN,1,100.0,0.0
828,1,LEFT_TURN,1,100.0,0.0
830,0,LEFT_TURN,1,100.0,0.0
830,0,RIGHT_TURN,1,100.0,0.0
834,0,LEFT_TURN,1,59.2,0.0
834,0,RIGHT_TURN,1,59.2,0.0
835,0,LEFT_TURN,1,100.0,0.0
839,0,LEFT_TURN,1,100.0,0.0
849,0,RIGHT_TURN,1,150.0,0.0
853,0,LEFT_TURN,1,100.0,0.0
854,0,LEFT_TURN,2,110.0,0.0
854,0,LEFT_TURN,1,110.0,0.0
869,1,LEFT_TURN,1,100.0,0.0
870,1,LEFT_TURN,1,100.0,0.0
871,0,LEFT_TURN,1,100.0,0.0
873,1,LEFT_TURN,1,100.0,0.0
888,0,LEFT_TURN,1,100.0,0.0
894,0,LEFT_TURN,2,100.0,0.0
894,0,LEFT_TURN,1,100.0,0.0
901,0,LEFT_TURN,1,13.5,0.0
902,0,LEFT_TURN,1,100.0,0.0
913,0,LEFT_TURN,1,100.0,0.0
931,0,RIGHT_MERGE,1,255.0,0.0
950,1,LEFT_TURN,1,99.0,0.0
950,1,RIGHT_TURN,1,144.0,0.0
951,1,LEFT_TURN,1,100.0,0.0
953,0,LEFT_TURN,1,18.9,0.0
956,1,LEFT_TURN,1,16.0,0.0
956,1,RIGHT_TURN,1,16.0,0.0
958,0,LEFT_TURN,1,100.0,0.0
960,0,LEFT_TURN,1,100.0,0.0
963,1,LEFT_TURN,1,100.0,0.0
964,1,LEFT_TURN,1,100.0,0.0
966,0,LEFT_TURN,1,80.0,0.0
970,0,LEFT_TURN,1,180.0,0.0
970,0,RIGHT_TURN,1,100.0,0.0
977,0,LEFT_TURN,1,100.0,0.0
977,1,LEFT_TURN,1,150.0,0.0
983,1,LEFT_TURN,1,100.0,0.0
995,0,RIGHT_MERGE,1,237.5,0.0
997,0,LEFT_TURN,1,155.0,0.0
1004,0,LEFT_TURN,1,48.5,0.0
1004,1,LEFT_TURN,1,48.5,0.0
1005,1,LEFT_TURN,1,100.0,0.0
1009,1,LEFT_TURN,2,110.0,0.0
1009,1,LEFT_TURN,1,110.0,0.0
1019,0,RIGHT_TURN,1,100.0,0.0
1033,0,RIGHT_TURN,1,100.0,0.0
1040,0,LEFT_TURN,1,140.0,0.0
1040,0,LEFT_TURN,2,125.0,0.0
1040,0,RIGHT_TURN,1,125.0,0.0
1051,0,RIGHT_MERGE,1,100.0,0.0
1054,0,LEFT_TURN,1,141.0,0.0
1054,0,LEFT_TURN,2,117.0,0.0
1054,0,RIGHT_TURN,1,122.0,0.0
1059,0,LEFT_TURN,1,100.0,0.0
1060,0,LEFT_TURN,1,100.0,0.0
1076,0,LEFT_TURN,1,145.0,0.0
1076,0,LEFT_TURN,2,127.0,0.0
1078,0,RIGHT_MERGE,1,240.0,0.0
1080,0,LEFT_TURN,1,217.0,0.0
1080,0,LEFT_TURN,2,202.0,0.0
1080,0,LEFT_TURN,3,115.0,0.0
1080,0,RIGHT_TURN,1,106.0,0.0
1082,1,LEFT_TURN,1,100.0,0.0
1084,1,LEFT_TURN,1,100.0,0.0
1086,0,LEFT_TURN,1,100.0,0.0
1086,1,LEFT_TURN,1,100.0,0.0
1087,0,LEFT_TURN,1,100.0,0.0
1089,0,LEFT_TURN,1,100.0,0.0
1089,1,LEFT_TURN,1,100.0,0.0
1090,0,LEFT_TURN,1,100.0,0.0
1090,1,LEFT_TURN,1,100.0,0.0
1092,1,LEFT_TURN,1,100.0,0.0
1093,0,LEFT_TURN,1,100.0,0.0
1094,0,LEFT_TURN,1,100.0,0.0
1098,0,LEFT_TURN,1,100.0,0.0
1104,0,LEFT_TURN,1,100.0,0.0
1105,0,LEFT_TURN,1,100.0,0.0
1115,0,LEFT_TURN,1,100.0,0.0
1118,1,LEFT_TURN,1,100.0,0.0
1121,0,LEFT_TURN,1,100.0,0.0
1144,0,LEFT_TURN,1,100.0,0.0
1154,0,LEFT_TURN,1,100.0,0.0
1160,0,LEFT_TURN,1,100.0,0.0
1180,0,LEFT_TURN,1,100.0,0.0
1194,0,LEFT_TURN,1,100.0,0.0
1195,0,LEFT_TURN,1,100.0,0.0
1210,0,LEFT_TURN,1,52.6,0.0
1218,0,LEFT_MERGE,1,165.0,0.0
1219,0,LEFT_TURN,1,100.0,0.0
1230,0,LEFT_TURN,1,100.0,0.0
1232,0,LEFT_TURN,1,100.0,0.0
1233,0,LEFT_TURN,1,100.0,0.0
1234,1,LEFT_TURN,1,100.0,0.0
1235,0,LEFT_TURN,1,100.0,0.0
1246,1,LEFT_TURN,1,100.0,0.0
1261,1,LEFT_TURN,1,100.0,0.0
1288,0,LEFT_TURN,1,100.0,0.0
1289,0,LEFT_TURN,1,100.0,0.0
1303,0,LEFT_TURN,1,100.0,0.0
1309,0,LEFT_TURN,1,100.0,0.0
1330,1,RIGHT_TURN,1,100.0,0.0
1334,0,LEFT_TURN,1,100.0,0.0
1336,0,LEFT_TURN,1,100.0,0.0
1364,0,LEFT_TURN,1,100.0,0.0
1365,0,LEFT_TURN,1,100.0,0.0
1366,0,LEFT_TURN,1,100.0,0.0
1375,0,RIGHT_TURN,1,100.0,0.0
1379,0,LEFT_TURN,1,100.0,0.0
1382,0,LEFT_TURN,1,100.0,0.0
1382,0,RIGHT_TURN,1,100.0,0.0
1384,0,LEFT_TURN,1,100.0,0.0
1397,0,LEFT_TURN,1,100.0,0.0
1400,0,LEFT_TURN,1,100.0,0.0
1404,0,RIGHT_TURN,1,100.0,0.0
1411,0,RIGHT_TURN,1,100.0,0.0
1412,0,RIGHT_TURN,1,100.0,0.0
1424,0,LEFT_TURN,1,100.0,0.0
1433,0,LEFT_TURN,1,100.0,0.0
1467,0,LEFT_TURN,1,100.0,0.0
1541,0,LEFT_TURN,1,100.0,0.0
1557,0,LEFT_TURN,1,100.0,0.0
1565,0,LEFT_TURN,1,100.0,0.0
1586,0,LEFT_TURN,1,100.0,0.0
1594,1,LEFT_TURN,1,100.0,0.0
1594,1,RIGHT_TURN,1,100.0,0.0
1628,0,LEFT_TURN,1,100.0,0.0
1637,0,LEFT_TURN,1,100.0,0.0
1650,0,RIGHT_TURN,1,100.0,0.0
1652,0,RIGHT_TURN,1,100.0,0.0
1670,0,LEFT_TURN,1,100.0,0.0
1681,0,LEFT_TURN,1,100.0,0.0
1686,0,LEFT_TURN,1,100.0,0.0
1692,0,LEFT_TURN,1,100.0,0.0
1697,0,LEFT_TURN,1,100.0,0.0
1704,0,LEFT_TURN,1,100.0,0.0
1704,0,RIGHT_TURN,1,100.0,0.0
1709,0,LEFT_TURN,1,100.0,0.0
1714,1,LEFT_TURN,1,100.0,0.0
1716,0,LEFT_TURN,1,100.0,0.0
1716,1,LEFT_TURN,1,100.0,0.0
1719,0,RIGHT_TURN,1,100.0,0.0
1721,0,LEFT_TURN,1,100.0,0.0
1723,1,LEFT_TURN,1,100.0,0.0
1725,1,LEFT_TURN,1,84.6,0.0
1726,1,LEFT_TURN,1,100.0,0.0
1727,1,LEFT_TURN,1,71.4,0.0
1730,0,LEFT_TURN,1,100.0,0.0
1736,1,LEFT_TURN,1,100.0,0.0
1740,0,LEFT_TURN,1,100.0,0.0
1741,0,LEFT_TURN,1,100.0,0.0
1744,1,LEFT_TURN,1,100.0,0.0
1745,0,LEFT_TURN,1,100.0,0.0
1747,1,LEFT_TURN,1,100.0,0.0
1752,0,LEFT_TURN,1,100.0,0.0
1753,1,LEFT_TURN,1,100.0,0.0
1757,0,LEFT_TURN,1,100.0,0.0
1757,0,RIGHT_TURN,1,100.0,0.0
1761,1,LEFT_TURN,1,100.0,0.0
1762,0,RIGHT_MERGE,1,313.2,0.0
1763,0,LEFT_TURN,1,100.0,0.0
1768,0,LEFT_TURN,1,100.0,0.0
1769,0,LEFT_TURN,1,100.0,0.0
1771,1,LEFT_TURN,1,100.0,0.0
1774,0,LEFT_TURN,1,100.0,0.0
1775,1,LEFT_TURN,1,100.0,0.0
1776,0,LEFT_TURN,1,100.0,0.0
1777,0,LEFT_TURN,1,100.0,0.0
1780,0,LEFT_TURN,1,100.0,0.0
1780,1,LEFT_TURN,1,100.0,0.0
1782,1,LEFT_TURN,1,100.0,0.0
1784,1,LEFT_TURN,1,100.0,0.0
1788,1,LEFT_TURN,1,100.0,0.0
1794,1,LEFT_TURN,1,100.0,0.0
1798,0,LEFT_TURN,1,100.0,0.0
1799,0,LEFT_TURN,1,100.0,0.0
1802,0,LEFT_TURN,1,100.0,0.0
1807,1,LEFT_TURN,1,100.0,0.0
1809,0,LEFT_MERGE,1,200.0,0.0
1815,0,LEFT_TURN,1,100.0,0.0
1816,0,LEFT_TURN,1,100.0,0.0
1818,0,LEFT_TURN,1,100.0,0.0
1819,0,LEFT_TURN,1,100.0,0.0
1819,1,LEFT_TURN,1,100.0,0.0
1820,1,LEFT_TURN,1,100.0,0.0
1821,0,LEFT_TURN,1,100.0,0.0
1821,1,LEFT_TURN,1,100.0,0.0
1824,1,LEFT_TURN,1,100.0,0.0
1826,0,LEFT_TURN,1,97.4,0.0
1831,1,LEFT_TURN,1,100.0,0.0
1834,1,LEFT_TURN,1,100.0,0.0
1836,1,LEFT_TURN,1,75.2,0.0
1837,0,RIGHT_TURN,1,100.0,0.0
1838,0,RIGHT_TURN,1,100.0,0.0
1841,1,LEFT_TURN,1,100.0,0.0
1843,1,LEFT_TURN,1,100.0,0.0
1843,1,RIGHT_TURN,1,100.0,0.0
1846,0,LEFT_TURN,1,88.8,0.0
1856,0,RIGHT_TURN,1,100.0,0.0
1863,1,LEFT_TURN,1,100.0,0.0
1867,0,LEFT_TURN,1,100.0,0.0
1869,1,LEFT_TURN,1,100.0,0.0
1872,1,LEFT_TURN,1,100.0,0.0
1879,0,LEFT_TURN,1,100.0,0.0
1888,0,LEFT_TURN,1,100.0,0.0
1889,0,LEFT_MERGE,1,145.0,0.0
1895,0,RIGHT_MERGE,1,90.0,0.0
1908,0,LEFT_TURN,1,100.0,0.0
1911,0,LEFT_TURN,1,100.0,0.0
1923,1,LEFT_TURN,1,100.0,0.0
1927,1,LEFT_TURN,1,100.0,0.0
1928,1,LEFT_TURN,1,100.0,0.0
1929,0,LEFT_TURN,1,100.0,0.0
1929,1,LEFT_TURN,1,100.0,0.0
1959,1,LEFT_TURN,1,100.0,0.0
1961,1,LEFT_TURN,1,100.0,0.0
1965,0,LEFT_TURN,1,40.0,0.0
1969,0,LEFT_TURN,1,100.0,0.0
1969,0,RIGHT_MERGE,1,234.0,0.0
1971,0,LEFT_TURN,1,100.0,0.0
1977,0,LEFT_TURN,1,73.4,0.0
1977,1,LEFT_TURN,1,73.4,0.0
1994,0,LEFT_TURN,1,100.0,0.0
1994,1,LEFT_TURN,1,100.0,0.0
2008,0,RIGHT_MERGE,1,200.0,0.0
2010,0,LEFT_TURN,1,100.0,0.0
2014,0,LEFT_TURN,1,100.0,0.0
2015,0,LEFT_TURN,1,100.0,0.0
2017,0,LEFT_TURN,1,100.0,0.0
2019,0,LEFT_TURN,1,100.0,0.0
2029,0,LEFT_TURN,1,100.0,0.0
2033,0,LEFT_TURN,1,100.0,0.0
2044,1,LEFT_TURN,1,100.0,0.0
2047,1,LEFT_TURN,1,100.0,0.0
2048,0,LEFT_TURN,1,100.0,0.0
2049,0,LEFT_TURN,1,100.0,0.0
2050,1,LEFT_TURN,1,100.0,0.0
2051,0,LEFT_TURN,1,100.0,0.0
2051,1,LEFT_TURN,1,100.0,0.0
2054,0,LEFT_TURN,1,100.0,0.0
2055,0,LEFT_TURN,1,100.0,0.0
2059,0,LEFT_TURN,1,100.0,0.0
2060,1,LEFT_TURN,1,100.0,0.0
2061,1,LEFT_TURN,1,100.0,0.0
2062,1,LEFT_TURN,1,100.0,0.0
2064,0,LEFT_TURN,1,100.0,0.0
2069,1,LEFT_TURN,1,100.0,0.0
2074,0,LEFT_TURN,1,100.0,0.0
2075,1,LEFT_TURN,1,100.0,0.0
2083,0,LEFT_TURN,1,100.0,0.0
2084,0,LEFT_TURN,1,100.0,0.0
2088,0,LEFT_TURN,1,100.0,0.0
2089,0,LEFT_TURN,1,100.0,0.0
2092,0,LEFT_TURN,1,197.8,0.0
2093,1,LEFT_TURN,1,100.0,0.0
2104,0,LEFT_TURN,1,100.0,0.0
2105,0,LEFT_TURN,1,100.0,0.0
2107,0,LEFT_TURN,1,100.0,0.0
2107,1,LEFT_TURN,1,100.0,0.0
2110,0,LEFT_TURN,1,100.0,0.0
2118,0,LEFT_TURN,1,100.0,0.0
2122,0,LEFT_TURN,1,100.0,0.0
2132,0,LEFT_TURN,1,180.0,0.0
2139,0,LEFT_TURN,1,100.0,0.0
2145,0,LEFT_TURN,1,100.0,0.0
2146,1,LEFT_TURN,1,185.0,0.0
2149,0,LEFT_TURN,1,85.4,0.0
2151,0,LEFT_TURN,1,14.6,0.0
2162,0,LEFT_TURN,1,100.0,0.0
2164,1,LEFT_TURN,1,100.0,0.0
2166,0,LEFT_TURN,1,100.0,0.0
2173,0,LEFT_TURN,1,59.7,0.0
2174,0,RIGHT_TURN,1,100.0,0.0
2176,0,LEFT_TURN,1,100.0,0.0
2180,0,LEFT_TURN,1,100.0,0.0
2181,0,LEFT_TURN,1,100.0,0.0
2183,0,LEFT_TURN,1,100.0,0.0
2185,0,LEFT_TURN,1,100.0,0.0
2190,0,LEFT_TURN,1,100.0,0.0
2190,1,LEFT_TURN,1,100.0,0.0
2193,0,LEFT_TURN,1,100.0,0.0
2202,1,LEFT_TURN,1,100.0,0.0
2203,1,LEFT_TURN,1,100.0,0.0
2208,0,LEFT_TURN,1,100.0,0.0
2219,0,LEFT_TURN,1,86.9,0.0
2225,1,LEFT_TURN,1,100.0,0.0
2226,0,LEFT_TURN,1,100.0,0.0
2230,1,LEFT_TURN,1,100.0,0.0
2232,0,LEFT_TURN,1,100.0,0.0
2233,0,LEFT_TURN,1,100.0,0.0
2248,0,LEFT_TURN,1,100.0,0.0
2257,0,LEFT_TURN,1,100.0,0.0
2258,0,LEFT_TURN,1,100.0,0.0
2262,0,LEFT_TURN,1,50.8,0.0
2262,1,LEFT_TURN,1,50.8,0.0
2273,0,LEFT_TURN,1,100.0,0.0
2284,1,LEFT_TURN,1,100.0,0.0
2301,0,LEFT_TURN,1,100.0,0.0
2320,0,RIGHT_MERGE,1,100.0,0.0
2334,0,LEFT_TURN,1,100.0,0.0
2340,0,LEFT_TURN,1,51.6,0.0
2346,0,LEFT_TURN,1,51.2,0.0
2350,0,LEFT_TURN,1,100.0,0.0
2354,0,LEFT_TURN,1,100.0,0.0
2357,0,LEFT_TURN,1,100.0,0.0
2367,1,LEFT_TURN,1,100.0,0.0
2373,0,LEFT_TURN,1,100.0,0.0
2385,0,LEFT_TURN,1,100.0,0.0
2391,0,RIGHT_MERGE,1,500.0,0.0
2406,0,LEFT_TURN,1,100.0,0.0
2409,0,LEFT_TURN,1,100.0,0.0
2410,0,LEFT_TURN,1,100.0,0.0
2413,0,RIGHT_TURN,1,100.0,0.0
2414,0,RIGHT_TURN,1,100.0,0.0
2416,0,LEFT_TURN,1,100.0,0.0
2417,0,LEFT_TURN,1,100.0,0.0
2418,0,LEFT_TURN,1,100.0,0.0
2421,0,RIGHT_TURN,1,100.0,0.0
2423,0,RIGHT_TURN,1,100.0,0.0
2429,0,LEFT_TURN,1,100.0,0.0
2432,0,LEFT_TURN,1,100.0,0.0
2436,0,LEFT_TURN,1,100.0,0.0
2438,0,RIGHT_TURN,1,100.0,0.0
2440,0,RIGHT_TURN,1,100.0,0.0
2441,0,LEFT_TURN,1,100.0,0.0
2444,0,LEFT_TURN,1,100.0,0.0
2447,0,LEFT_TURN,1,100.0,0.0
2453,1,LEFT_TURN,1,100.0,0.0
2462,0,LEFT_TURN,1,100.0,0.0
2469,0,LEFT_TURN,1,64.3,0.0
2469,1,LEFT_TURN,1,64.3,0.0
2470,0,LEFT_TURN,1,100.0,0.0
2475,0,LEFT_TURN,1,100.0,0.0
2482,1,LEFT_TURN,1,100.0,0.0
2484,0,RIGHT_MERGE,1,160.0,0.0
2485,0,LEFT_TURN,1,100.0,0.0
2485,1,LEFT_TURN,1,100.0,0.0
2494,0,LEFT_TURN,1,88.7,0.0
2495,0,LEFT_TURN,1,88.8,0.0
2514,0,LEFT_TURN,1,100.0,0.0
2518,0,LEFT_TURN,1,100.0,0.0
2519,0,LEFT_TURN,1,60.5,0.0
2519,1,LEFT_TURN,1,60.5,0.0
2522,0,LEFT_TURN,1,100.0,0.0
2523,0,LEFT_TURN,1,100.0,0.0
2528,0,LEFT_TURN,1,100.0,0.0
2532,0,LEFT_TURN,1,100.0,0.0
2533,1,LEFT_TURN,1,50.4,0.0
2540,0,RIGHT_MERGE,1,65.0,0.0
2549,0,RIGHT_MERGE,1,287.1,0.0
2559,0,RIGHT_MERGE,1,50.0,0.0
2574,0,RIGHT_MERGE,1,90.0,0.0
2577,0,LEFT_TURN,1,100.0,0.0
2579,0,LEFT_TURN,1,100.0,0.0
2582,0,RIGHT_TURN,1,85.0,0.0
2585,0,LEFT_TURN,1,100.0,0.0
2586,0,LEFT_TURN,1,100.0,0.0
2595,0,LEFT_TURN,1,100.0,0.0
2596,0,LEFT_TURN,1,100.0,0.0
2599,0,LEFT_TURN,1,100.0,0.0
2606,1,LEFT_TURN,1,100.0,0.0
2607,0,LEFT_TURN,1,100.0,0.0
2607,1,LEFT_TURN,1,100.0,0.0
2608,1,LEFT_TURN,1,100.0,0.0
2609,1,LEFT_TURN,1,100.0,0.0
2611,1,LEFT_TURN,1,100.0,0.0
2612,1,LEFT_TURN,1,100.0,0.0
2614,0,LEFT_TURN,1,100.0,0.0
2615,0,LEFT_TURN,1,100.0,0.0
2615,1,LEFT_TURN,1,100.0,0.0
2616,0,LEFT_TURN,1,100.0,0.0
2620,1,LEFT_TURN,1,100.0,0.0
2621,1,LEFT_TURN,1,100.0,0.0
2623,0,LEFT_TURN,1,100.0,0.0
2623,1,LEFT_TURN,1,100.0,0.0
2624,1,LEFT_TURN,1,100.0,0.0
2632,0,LEFT_TURN,1,100.0,0.0
2632,1,LEFT_TURN,1,100.0,0.0
2635,1,LEFT_TURN,1,100.0,0.0
2636,1,LEFT_TURN,1,100.0,0.0
2641,0,LEFT_TURN,1,75.0,0.0
2645,0,RIGHT_MERGE,1,322.0,0.0
2666,0,LEFT_TURN,1,120.0,0.0
2668,1,LEFT_TURN,1,100.0,0.0
2685,0,LEFT_TURN,1,100.0,0.0
2685,1,LEFT_TURN,1,100.0,0.0
2686,1,LEFT_TURN,1,100.0,0.0
2688,1,LEFT_TURN,1,100.0,0.0
2689,0,LEFT_TURN,1,100.0,0.0
2692,0,LEFT_TURN,1,100.0,0.0
2693,1,LEFT_TURN,1,100.0,0.0
2694,1,LEFT_TURN,1,100.0,0.0
2695,1,LEFT_TURN,1,100.0,0.0
2696,0,LEFT_TURN,1,100.0,0.0
2698,0,LEFT_TURN,1,100.0,0.0
2700,0,LEFT_TURN,1,100.0,0.0
2706,0,LEFT_TURN,1,100.0,0.0
2709,0,LEFT_TURN,1,100.0,0.0
2710,0,LEFT_TURN,1,100.0,0.0
2712,1,LEFT_TURN,1,100.0,0.0
2716,1,LEFT_TURN,1,100.0,0.0
2720,0,LEFT_TURN,1,100.0,0.0
2722,0,LEFT_TURN,1,100.0,0.0
2725,0,LEFT_TURN,1,100.0,0.0
2727,0,LEFT_TURN,1,100.0,0.0
2727,1,LEFT_TURN,1,100.0,0.0
2728,1,LEFT_TURN,1,100.0,0.0
2729,0,LEFT_TURN,1,100.0,0.0
2730,1,LEFT_TURN,1,100.0,0.0
2731,0,LEFT_TURN,1,100.0,0.0
2731,1,LEFT_TURN,1,100.0,0.0
2733,0,LEFT_TURN,1,100.0,0.0
2733,1,LEFT_TURN,1,100.0,0.0
2734,1,LEFT_TURN,1,100.0,0.0
2735,0,LEFT_TURN,1,100.0,0.0
2737,0,LEFT_TURN,1,100.0,0.0
2742,0,LEFT_TURN,1,100.0,0.0
2743,0,LEFT_TURN,1,100.0,0.0
2745,0,LEFT_TURN,1,100.0,0.0
2745,1,LEFT_TURN,1,100.0,0.0
2748,0,LEFT_TURN,1,100.0,0.0
2751,1,LEFT_TURN,1,100.0,0.0
2752,0,LEFT_TURN,1,100.0,0.0
2752,1,LEFT_TURN,1,100.0,0.0
2753,0,LEFT_TURN,1,100.0,0.0
2754,1,LEFT_TURN,1,100.0,0.0
2755,0,LEFT_TURN,1,100.0,0.0
2755,1,LEFT_TURN,1,100.0,0.0
2756,0,LEFT_TURN,1,100.0,0.0
2756,1,LEFT_TURN,1,100.0,0.0
2757,0,LEFT_TURN,1,100.0,0.0
2758,0,LEFT_TURN,1,100.0,0.0
2759,0,LEFT_TURN,1,100.0,0.0
2760,0,LEFT_TURN,1,100.0,0.0
2765,0,LEFT_TURN,1,100.0,0.0
2765,1,LEFT_TURN,1,100.0,0.0
2766,0,LEFT_TURN,1,100.0,0.0
2766,1,LEFT_TURN,1,100.0,0.0
2767,0,LEFT_TURN,1,100.0,0.0
2769,0,LEFT_TURN,1,300.0,0.0
2772,0,LEFT_TURN,1,100.0,0.0
2775,0,LEFT_TURN,1,100.0,0.0
2781,0,RIGHT_MERGE,1,215.0,0.0
2783,0,LEFT_TURN,1,95.6,0.0
2783,0,RIGHT_TURN,1,95.6,0.0
2788,1,LEFT_TURN,1,100.0,0.0
2792,0,LEFT_TURN,1,100.0,0.0
2792,1,LEFT_TURN,1,100.0,0.0
2808,0,LEFT_TURN,1,100.0,0.0
2820,0,LEFT_TURN,1,300.0,0.0
2828,0,LEFT_TURN,1,77.3,0.0
2828,1,LEFT_TURN,1,77.3,0.0
2834,0,LEFT_TURN,1,100.0,0.0
2838,0,LEFT_TURN,1,100.0,0.0
2846,1,LEFT_TURN,1,100.0,0.0
2858,0,LEFT_TURN,1,100.0,0.0
2860,0,LEFT_TURN,1,100.0,0.0
2884,0,LEFT_TURN,1,100.0,0.0
2887,1,LEFT_TURN,1,100.0,0.0
2889,1,LEFT_TURN,1,100.0,0.0
2890,0,RIGHT_TURN,1,100.0,0.0
2894,0,RIGHT_TURN,1,322.1,0.0
2898,0,LEFT_TURN,1,100.0,0.0
2901,0,LEFT_TURN,1,100.0,0.0
2908,0,LEFT_TURN,1,71.4,0.0
2935,0,LEFT_TURN,1,100.0,0.0
2936,0,LEFT_TURN,1,100.0,0.0
2942,1,LEFT_TURN,1,100.0,0.0
2957,0,LEFT_TURN,1,100.0,0.0
2958,1,LEFT_TURN,1,100.0,0.0
2959,1,LEFT_TURN,1,100.0,0.0
2960,1,LEFT_TURN,1,100.0,0.0
2964,0,LEFT_TURN,1,100.0,0.0
2965,0,LEFT_TURN,1,100.0,0.0
2969,0,LEFT_TURN,1,96.2,0.0
2970,1,LEFT_TURN,1,87.6,0.0
2972,0,LEFT_TURN,1,115.0,0.0
2973,1,LEFT_TURN,1,100.0,0.0
2974,1,LEFT_TURN,1,100.0,0.0
2975,1,LEFT_TURN,1,100.0,0.0
2977,0,LEFT_TURN,1,100.0,0.0
2977,1,LEFT_TURN,1,100.0,0.0
2978,0,RIGHT_TURN,1,78.9,0.0
2982,0,LEFT_TURN,1,100.0,0.0
2983,0,LEFT_TURN,1,100.0,0.0
2988,0,RIGHT_MERGE,1,288.7,0.0
2990,1,LEFT_TURN,1,100.0,0.0
2997,1,LEFT_TURN,1,100.0,0.0
3002,0,LEFT_TURN,1,195.0,0.0
3013,0,LEFT_TURN,1,100.0,0.0
3014,1,LEFT_TURN,1,100.0,0.0
3015,0,LEFT_TURN,1,100.0,0.0
3016,0,LEFT_TURN,1,100.0,0.0
3017,0,LEFT_TURN,1,100.0,0.0
3018,0,LEFT_TURN,1,100.0,0.0
3022,0,LEFT_TURN,1,100.0,0.0
3025,0,LEFT_TURN,1,100.0,0.0
3027,0,RIGHT_TURN,1,100.0,0.0
3028,0,LEFT_TURN,1,100.0,0.0
3029,0,LEFT_TURN,1,100.0,0.0
3030,0,RIGHT_TURN,1,100.0,0.0
3031,0,LEFT_TURN,1,100.0,0.0
3034,0,LEFT_TURN,1,100.0,0.0
3038,0,LEFT_TURN,1,100.0,0.0
3042,0,LEFT_TURN,1,100.0,0.0
3044,0,LEFT_TURN,1,100.0,0.0
3050,0,LEFT_TURN,1,100.0,0.0
3054,0,RIGHT_MERGE,1,146.0,0.0
3075,0,RIGHT_TURN,1,100.0,0.0
3098,0,LEFT_TURN,1,300.0,0.0
3111,0,LEFT_TURN,1,100.0,0.0
3112,0,LEFT_TURN,1,100.0,0.0
3115,0,LEFT_TURN,1,100.0,0.0
3115,0,RIGHT_TURN,1,100.0,0.0
3116,0,LEFT_TURN,1,100.0,0.0
3118,0,LEFT_TURN,1,75.5,0.0
3122,1,LEFT_TURN,1,100.0,0.0
3125,0,LEFT_TURN,1,100.0,0.0
3126,0,RIGHT_TURN,1,100.0,0.0
3130,0,LEFT_TURN,1,100.0,0.0
3136,0,LEFT_TURN,1,100.0,0.0
3137,0,LEFT_TURN,1,100.0,0.0
3137,1,LEFT_TURN,1,100.0,0.0
3142,0,LEFT_TURN,1,100.0,0.0
3143,0,RIGHT_TURN,1,100.0,0.0
3147,0,RIGHT_MERGE,1,55.0,0.0
3150,0,LEFT_TURN,1,100.0,0.0
3152,1,LEFT_TURN,1,100.0,0.0
3154,0,RIGHT_TURN,1,100.0,0.0
3159,0,LEFT_TURN,1,100.0,0.0
3164,0,LEFT_TURN,1,100.0,0.0
3171,0,LEFT_TURN,1,100.0,0.0
3172,0,RIGHT_TURN,1,100.0,0.0
3175,0,RIGHT_TURN,1,100.0,0.0
3181,0,LEFT_TURN,1,100.0,0.0
3187,0,LEFT_TURN,1,100.0,0.0
3187,0,RIGHT_TURN,1,100.0,0.0
3192,0,RIGHT_TURN,1,100.0,0.0
3195,0,LEFT_TURN,1,100.0,0.0
3221,0,LEFT_TURN,1,100.0,0.0
3222,0,LEFT_TURN,1,100.0,0.0
3225,0,RIGHT_TURN,1,100.0,0.0
3228,0,LEFT_TURN,1,100.0,0.0
3228,1,LEFT_TURN,1,100.0,0.0
3229,1,LEFT_TURN,1,100.0,0.0
3230,1,LEFT_TURN,1,100.0,0.0
3231,0,LEFT_TURN,1,100.0,0.0
3231,1,LEFT_TURN,1,100.0,0.0
3233,0,LEFT_TURN,1,75.2,0.0
3233,1,LEFT_TURN,1,75.2,0.0
3235,0,LEFT_TURN,1,100.0,0.0
3238,0,LEFT_TURN,1,100.0,0.0
3238,1,LEFT_TURN,1,100.0,0.0
3241,0,LEFT_TURN,1,100.0,0.0
3242,0,LEFT_TURN,1,100.0,0.0
3244,0,LEFT_TURN,1,100.0,0.0
3245,0,LEFT_TURN,1,100.0,0.0
3246,0,LEFT_TURN,1,100.0,0.0
3247,0,LEFT_TURN,1,100.0,0.0
3248,0,LEFT_TURN,1,100.0,0.0
3249,0,LEFT_TURN,1,100.0,0.0
3250,0,LEFT_TURN,1,100.0,0.0
3251,0,LEFT_TURN,1,100.0,0.0
3255,0,LEFT_TURN,1,100.0,0.0
3256,1,LEFT_TURN,1,100.0,0.0
3257,0,LEFT_TURN,1,100.0,0.0
3257,1,LEFT_TURN,1,100.0,0.0
3258,1,LEFT_TURN,1,100.0,0.0
3260,1,LEFT_TURN,1,100.0,0.0
3261,0,LEFT_TURN,1,100.0,0.0
3262,0,LEFT_TURN,1,100.0,0.0
3263,0,RIGHT_MERGE,1,175.0,0.0
3268,0,LEFT_TURN,1,100.0,0.0
3269,0,LEFT_TURN,1,97.6,0.0
3272,0,LEFT_TURN,1,91.2,0.0
3279,0,LEFT_TURN,1,85.0,0.0
3285,0,LEFT_TURN,1,100.0,0.0
3288,0,LEFT_TURN,1,56.4,0.0
3296,0,LEFT_TURN,1,100.0,0.0
3296,1,LEFT_TURN,1,100.0,0.0
3302,0,LEFT_TURN,1,100.0,0.0
3306,0,LEFT_TURN,1,100.0,0.0
3311,0,LEFT_TURN,1,100.0,0.0
3321,0,RIGHT_MERGE,1,175.0,0.0
3322,0,LEFT_TURN,1,100.0,0.0
3322,1,LEFT_TURN,1,100.0,0.0
3323,0,LEFT_TURN,1,100.0,0.0
3324,1,LEFT_TURN,1,100.0,0.0
3325,0,LEFT_TURN,1,100.0,0.0
3325,1,LEFT_TURN,1,100.0,0.0
3326,0,LEFT_TURN,1,100.0,0.0
3327,1,LEFT_TURN,1,100.0,0.0
3333,0,LEFT_TURN,1,100.0,0.0
3336,0,RIGHT_TURN,1,57.3,0.0
3339,0,RIGHT_MERGE,1,261.7,0.0
3342,1,LEFT_TURN,1,100.0,0.0
3343,0,LEFT_TURN,1,100.0,0.0
3343,0,RIGHT_TURN,1,100.0,0.0
3349,0,LEFT_TURN,1,100.0,0.0
3352,0,RIGHT_TURN,1,100.0,0.0
3358,0,LEFT_TURN,1,100.0,0.0
3360,0,LEFT_TURN,1,100.0,0.0
3361,0,LEFT_TURN,1,100.0,0.0
3362,0,LEFT_TURN,1,100.0,0.0
3362,1,LEFT_TURN,1,100.0,0.0
3368,0,LEFT_TURN,1,100.0,0.0
3372,0,LEFT_TURN,1,76.7,0.0
3373,0,LEFT_TURN,1,100.0,0.0
3374,0,LEFT_TURN,1,100.0,0.0
3380,0,LEFT_TURN,1,100.0,0.0
3382,0,LEFT_TURN,1,100.0,0.0
3382,0,RIGHT_TURN,1,100.0,0.0
3385,0,RIGHT_MERGE,1,296.5,0.0
3386,0,LEFT_TURN,1,100.0,0.0
3388,0,LEFT_TURN,1,100.0,0.0
3389,0,RIGHT_TURN,1,99.0,0.0
3398,0,LEFT_TURN,1,51.4,0.0
3398,1,LEFT_TURN,1,51.4,0.0
3402,0,RIGHT_MERGE,1,273.7,0.0
3403,0,LEFT_TURN,1,300.0,0.0
3415,0,LEFT_TURN,1,100.0,0.0
3426,0,LEFT_TURN,1,100.0,0.0
3428,0,LEFT_TURN,1,100.0,0.0
3438,0,LEFT_TURN,1,100.0,0.0
3450,0,LEFT_TURN,1,100.0,0.0
3453,0,LEFT_TURN,1,100.0,0.0
3454,0,LEFT_TURN,1,100.0,0.0
3455,0,LEFT_TURN,1,100.0,0.0
3465,0,LEFT_TURN,1,100.0,0.0
3469,0,LEFT_TURN,1,100.0,0.0
3469,0,RIGHT_TURN,1,100.0,0.0
3475,0,LEFT_TURN,1,164.1,0.0
3479,0,LEFT_TURN,1,100.0,0.0
3479,1,LEFT_TURN,1,100.0,0.0
3492,0,RIGHT_TURN,1,100.0,0.0
3493,0,RIGHT_TURN,1,100.0,0.0
3495,0,RIGHT_TURN,1,100.0,0.0
3495,1,RIGHT_TURN,1,100.0,0.0
3497,0,RIGHT_TURN,1,100.0,0.0
3500,0,RIGHT_TURN,1,100.0,0.0
3504,0,LEFT_TURN,1,100.0,0.0
3504,0,RIGHT_TURN,1,100.0,0.0
3515,0,RIGHT_TURN,1,100.0,0.0
3516,0,LEFT_TURN,1,55.3,0.0
3524,0,LEFT_TURN,1,84.6,0.0
3525,0,LEFT_TURN,1,84.4,0.0
3542,0,LEFT_TURN,1,100.0,0.0
3544,0,LEFT_TURN,1,100.0,0.0
3544,0,RIGHT_TURN,1,100.0,0.0
3545,1,RIGHT_TURN,1,100.0,0.0
3555,1,LEFT_TURN,1,100.0,0.0
3556,1,LEFT_TURN,1,100.0,0.0
3557,0,RIGHT_MERGE,1,283.8,0.0
3561,0,RIGHT_TURN,1,100.0,0.0
3564,1,RIGHT_TURN,1,100.0,0.0
3568,0,LEFT_TURN,1,100.0,0.0
3568,0,RIGHT_TURN,1,100.0,0.0
3571,0,RIGHT_MERGE,1,150.0,0.0
3581,1,LEFT_TURN,1,100.0,0.0
3584,0,LEFT_TURN,1,100.0,0.0
3587,0,LEFT_TURN,1,100.0,0.0
3595,0,LEFT_TURN,1,100.0,0.0
3595,1,LEFT_TURN,1,100.0,0.0
3596,1,LEFT_TURN,1,100.0,0.0
3597,0,LEFT_TURN,1,100.0,0.0
3597,1,LEFT_TURN,1,100.0,0.0
3598,0,LEFT_TURN,1,100.0,0.0
3599,0,LEFT_TURN,1,100.0,0.0
3599,1,LEFT_TURN,1,100.0,0.0
3600,0,LEFT_TURN,1,100.0,0.0
3600,1,LEFT_TURN,1,100.0,0.0
3604,0,RIGHT_MERGE,1,100.0,0.0
3622,0,LEFT_TURN,1,100.0,0.0
3627,0,LEFT_TURN,1,100.0,0.0
3651,0,RIGHT_TURN,1,50.0,0.0
3656,0,LEFT_TURN,1,100.0,0.0
3657,0,LEFT_TURN,1,100.0,0.0
3661,0,LEFT_TURN,1,100.0,0.0
3662,1,LEFT_TURN,1,100.0,0.0
3668,0,RIGHT_TURN,1,100.0,0.0
3673,0,LEFT_TURN,1,100.0,0.0
3676,0,LEFT_TURN,1,100.0,0.0
3678,0,LEFT_TURN,1,100.0,0.0
3679,0,LEFT_TURN,1,100.0,0.0
3679,0,RIGHT_TURN,1,100.0,0.0
3685,1,LEFT_TURN,1,100.0,0.0
3686,0,LEFT_TURN,1,100.0,0.0
3689,0,LEFT_TURN,1,100.0,0.0
3693,0,LEFT_TURN,1,100.0,0.0
3696,1,LEFT_TURN,1,100.0,0.0
3697,0,LEFT_TURN,1,100.0,0.0
3699,1,LEFT_TURN,1,100.0,0.0
3700,0,LEFT_TURN,1,100.0,0.0
3701,0,LEFT_TURN,1,97.9,0.0
3701,1,LEFT_TURN,1,97.9,0.0
3702,0,RIGHT_TURN,1,100.0,0.0
3703,0,LEFT_TURN,1,100.0,0.0
3708,1,LEFT_TURN,1,100.0,0.0
3710,1,LEFT_TURN,1,100.0,0.0
3711,0,LEFT_TURN,1,100.0,0.0
3713,0,LEFT_TURN,1,100.0,0.0
3714,1,LEFT_TURN,1,100.0,0.0
3716,0,RIGHT_TURN,1,100.0,0.0
3717,0,LEFT_TURN,1,100.0,0.0
3719,0,RIGHT_TURN,1,100.0,0.0
3723,0,LEFT_TURN,1,100.0,0.0
3724,0,RIGHT_TURN,1,100.0,0.0
3728,0,RIGHT_TURN,1,100.0,0.0
3731,0,LEFT_TURN,1,100.0,0.0
3732,0,LEFT_TURN,1,100.0,0.0
3739,0,LEFT_TURN,1,100.0,0.0
3740,0,LEFT_TURN,1,100.0,0.0
3741,0,LEFT_TURN,1,100.0,0.0
3745,1,LEFT_TURN,1,100.0,0.0
3747,0,RIGHT_TURN,1,100.0,0.0
3750,1,LEFT_TURN,1,100.0,0.0
3751,0,LEFT_TURN,1,100.0,0.0
3752,0,LEFT_TURN,1,100.0,0.0
3758,0,LEFT_TURN,1,100.0,0.0
3759,0,LEFT_TURN,1,100.0,0.0
3760,0,LEFT_TURN,1,100.0,0.0
3766,0,LEFT_TURN,1,100.0,0.0
3770,0,LEFT_TURN,1,100.0,0.0
3771,0,LEFT_TURN,1,100.0,0.0
3772,0,RIGHT_TURN,1,100.0,0.0
3774,0,LEFT_TURN,1,100.0,0.0
3775,0,LEFT_TURN,1,100.0,0.0
3776,0,LEFT_TURN,1,100.0,0.0
3778,0,LEFT_TURN,1,100.0,0.0
3786,0,LEFT_TURN,1,100.0,0.0
3787,0,RIGHT_TURN,1,100.0,0.0
3788,0,RIGHT_TURN,1,100.0,0.0
3796,0,LEFT_TURN,1,100.0,0.0
3798,0,LEFT_TURN,1,100.0,0.0
3801,0,LEFT_TURN,1,100.0,0.0
3806,1,LEFT_TURN,1,100.0,0.0
3810,1,LEFT_TURN,1,100.0,0.0
3815,0,LEFT_TURN,1,100.0,0.0
3818,0,LEFT_TURN,1,100.0,0.0
3821,0,LEFT_TURN,1,100.0,0.0
3822,0,LEFT_TURN,1,100.0,0.0
3833,1,LEFT_TURN,1,100.0,0.0
3836,0,LEFT_TURN,1,100.0,0.0
3839,0,LEFT_TURN,1,100.0,0.0
3843,0,LEFT_TURN,1,100.0,0.0
3843,1,LEFT_TURN,1,100.0,0.0
3848,0,LEFT_TURN,1,100.0,0.0
3854,0,LEFT_TURN,1,100.0,0.0
3854,1,LEFT_TURN,1,100.0,0.0
3855,0,LEFT_TURN,1,100.0,0.0
3855,1,LEFT_TURN,1,100.0,0.0
3860,0,LEFT_TURN,1,100.0,0.0
3860,1,LEFT_TURN,1,100.0,0.0
3861,0,LEFT_TURN,1,100.0,0.0
3862,0,RIGHT_TURN,1,100.0,0.0
3862,0,LEFT_TURN,1,95.0,0.0
3865,0,LEFT_TURN,1,100.0,0.0
3866,0,LEFT_TURN,1,100.0,0.0
3866,1,LEFT_TURN,1,100.0,0.0
3877,0,LEFT_TURN,1,100.0,0.0
3887,0,RIGHT_TURN,1,90.0,0.0
3887,0,LEFT_TURN,1,130.0,0.0
3890,0,LEFT_TURN,1,83.0,0.0
3890,0,RIGHT_TURN,1,83.0,0.0
3901,1,LEFT_TURN,1,100.0,0.0
3902,0,LEFT_TURN,1,100.0,0.0
3903,0,LEFT_TURN,1,100.0,0.0
3918,0,LEFT_TURN,1,100.0,0.0
3926,0,LEFT_TURN,1,100.0,0.0
3928,0,LEFT_TURN,1,100.0,0.0
3929,0,LEFT_TURN,1,100.0,0.0
3933,0,LEFT_TURN,1,100.0,0.0
3934,0,LEFT_TURN,1,100.0,0.0
3946,1,LEFT_TURN,1,100.0,0.0
3947,1,LEFT_TURN,1,100.0,0.0
3949,0,LEFT_TURN,1,100.0,0.0
3949,1,LEFT_TURN,1,100.0,0.0
3953,0,LEFT_TURN,1,300.0,0.0
3958,0,LEFT_TURN,1,100.0,0.0
3959,0,LEFT_TURN,1,100.0,0.0
3959,0,RIGHT_TURN,1,38.0,0.0
3975,0,LEFT_TURN,1,100.0,0.0
3979,0,LEFT_TURN,1,100.0,0.0
3981,0,LEFT_TURN,1,100.0,0.0
3982,0,LEFT_MERGE,1,100.0,0.0
3983,0,LEFT_TURN,1,100.0,0.0
3984,0,LEFT_TURN,1,100.0,0.0
3985,0,LEFT_TURN,1,100.0,0.0
3992,0,LEFT_TURN,1,100.0,0.0
3993,0,LEFT_TURN,1,100.0,0.0
3995,0,LEFT_TURN,1,100.0,0.0
3997,1,LEFT_TURN,1,100.0,0.0
3998,1,LEFT_TURN,1,100.0,0.0
4006,0,LEFT_TURN,1,100.0,0.0
4006,1,LEFT_TURN,1,100.0,0.0
4008,0,LEFT_TURN,1,100.0,0.0
4012,0,LEFT_TURN,1,100.0,0.0
4013,0,LEFT_TURN,1,100.0,0.0
4013,1,LEFT_TURN,1,100.0,0.0
4014,0,RIGHT_TURN,1,100.0,0.0
4015,0,LEFT_TURN,1,100.0,0.0
4017,0,LEFT_TURN,1,100.0,0.0
4019,0,LEFT_TURN,1,100.0,0.0
4020,0,LEFT_TURN,1,100.0,0.0
4022,0,RIGHT_TURN,1,100.0,0.0
4023,0,LEFT_TURN,1,100.0,0.0
4025,0,LEFT_TURN,1,100.0,0.0
4026,1,LEFT_TURN,1,100.0,0.0
4029,0,LEFT_TURN,1,100.0,0.0
4029,1,LEFT_TURN,1,100.0,0.0
4033,0,LEFT_TURN,1,100.0,0.0
4052,0,LEFT_TURN,1,100.0,0.0
4054,0,LEFT_TURN,1,100.0,0.0
4056,0,LEFT_TURN,1,100.0,0.0
4058,0,LEFT_TURN,1,100.0,0.0
4060,0,LEFT_TURN,1,100.0,0.0
4066,1,LEFT_TURN,1,100.0,0.0
4067,0,LEFT_TURN,1,100.0,0.0
4070,1,LEFT_TURN,1,100.0,0.0
4073,1,LEFT_TURN,1,100.0,0.0
4074,0,LEFT_TURN,1,100.0,0.0
4081,1,LEFT_TURN,1,100.0,0.0
4084,1,LEFT_TURN,1,100.0,0.0
4085,1,LEFT_TURN,1,100.0,0.0
4087,0,LEFT_TURN,1,100.0,0.0
4093,0,LEFT_TURN,1,100.0,0.0
4096,0,LEFT_TURN,1,100.0,0.0
4098,1,LEFT_TURN,1,100.0,0.0
4099,0,LEFT_TURN,1,100.0,0.0
4100,1,LEFT_TURN,1,100.0,0.0
4101,0,LEFT_TURN,1,100.0,0.0
4101,1,LEFT_TURN,1,100.0,0.0
4103,0,LEFT_TURN,1,100.0,0.0
4103,1,LEFT_TURN,1,100.0,0.0
4104,0,LEFT_TURN,1,100.0,0.0
4104,1,LEFT_TURN,1,100.0,0.0
4108,0,LEFT_TURN,1,100.0,0.0
4110,0,LEFT_TURN,1,100.0,0.0
4113,0,LEFT_TURN,1,84.1,0.0
4118,1,RIGHT_TURN,1,100.0,0.0
4119,0,LEFT_TURN,1,100.0,0.0
4123,0,LEFT_TURN,1,100.0,0.0
4123,0,RIGHT_TURN,1,100.0,0.0
4127,1,RIGHT_TURN,1,100.0,0.0
4128,0,LEFT_TURN,1,100.0,0.0
4132,0,LEFT_TURN,1,100.0,0.0
4133,0,LEFT_TURN,1,100.0,0.0
4146,0,LEFT_TURN,1,100.0,0.0
4149,0,LEFT_TURN,1,91.9,0.0
4153,0,LEFT_TURN,1,100.0,0.0
4154,0,LEFT_TURN,1,100.0,0.0
4154,0,RIGHT_TURN,1,100.0,0.0
4155,0,LEFT_TURN,1,100.0,0.0
4163,0,LEFT_TURN,1,100.0,0.0
4164,0,LEFT_TURN,1,100.0,0.0
4169,1,LEFT_TURN,1,100.0,0.0
4171,0,LEFT_TURN,1,100.0,0.0
4171,1,LEFT_TURN,1,100.0,0.0
4174,0,LEFT_TURN,1,100.0,0.0
4174,0,RIGHT_TURN,1,100.0,0.0
4177,0,LEFT_TURN,1,100.0,0.0
4179,0,LEFT_TURN,1,100.0,0.0
4181,1,LEFT_TURN,1,100.0,0.0
4184,0,LEFT_TURN,1,100.0,0.0
4184,1,LEFT_TURN,1,100.0,0.0
4193,1,LEFT_TURN,1,100.0,0.0
4194,0,RIGHT_MERGE,1,276.9,0.0
4200,0,LEFT_TURN,1,300.0,0.0
4203,0,LEFT_TURN,1,100.0,0.0
4203,1,LEFT_TURN,1,100.0,0.0
4206,0,LEFT_TURN,1,100.0,0.0
4208,1,LEFT_TURN,1,100.0,0.0
4210,0,LEFT_TURN,1,100.0,0.0
4211,0,LEFT_TURN,1,100.0,0.0
4215,0,RIGHT_MERGE,1,299.4,0.0
4217,0,LEFT_TURN,1,100.0,0.0
4221,0,LEFT_TURN,1,100.0,0.0
4221,1,LEFT_TURN,1,100.0,0.0
4228,0,LEFT_TURN,1,100.0,0.0
4234,0,LEFT_TURN,1,100.0,0.0
4235,0,LEFT_TURN,1,100.0,0.0
4235,1,LEFT_TURN,1,100.0,0.0
4243,1,LEFT_TURN,1,98.8,0.0
4243,1,RIGHT_TURN,1,98.8,0.0
4255,0,LEFT_TURN,1,100.0,0.0
4255,0,RIGHT_TURN,1,100.0,0.0
4258,0,LEFT_TURN,1,100.0,0.0
4259,0,LEFT_TURN,1,100.0,0.0
4260,1,LEFT_TURN,1,100.0,0.0
4261,1,LEFT_TURN,1,100.0,0.0
4266,0,LEFT_TURN,1,100.0,0.0
4268,0,LEFT_TURN,1,100.0,0.0
4269,0,LEFT_TURN,1,100.0,0.0
4270,0,LEFT_TURN,1,100.0,0.0
4275,0,LEFT_TURN,1,100.0,0.0
4276,0,LEFT_TURN,1,100.0,0.0
4278,0,LEFT_TURN,1,100.0,0.0
4279,0,LEFT_TURN,1,100.0,0.0
4281,0,LEFT_TURN,1,100.0,0.0
4283,0,LEFT_TURN,1,100.0,0.0
4287,0,LEFT_TURN,1,100.0,0.0
4288,0,LEFT_TURN,1,100.0,0.0
4289,0,LEFT_TURN,1,99.2,0.0
4290,1,LEFT_TURN,1,100.0,0.0
4291,0,LEFT_TURN,1,100.0,0.0
4291,1,LEFT_TURN,1,100.0,0.0
4292,0,LEFT_TURN,1,100.0,0.0
4295,0,LEFT_TURN,1,100.0,0.0
4299,0,LEFT_TURN,1,100.0,0.0
4300,0,LEFT_TURN,1,100.0,0.0
4304,0,LEFT_TURN,1,100.0,0.0
4309,0,LEFT_TURN,1,100.0,0.0
4327,0,LEFT_TURN,1,100.0,0.0
4332,0,LEFT_TURN,1,100.0,0.0
4340,0,LEFT_TURN,1,100.0,0.0
4341,0,LEFT_TURN,1,100.0,0.0
4347,1,LEFT_TURN,1,100.0,0.0
4350,1,LEFT_TURN,1,100.0,0.0
4356,0,RIGHT_TURN,1,100.0,0.0
4357,0,LEFT_TURN,1,100.0,0.0
4363,0,RIGHT_TURN,1,100.0,0.0
4365,0,LEFT_TURN,1,80.0,0.0
4376,0,LEFT_TURN,1,100.0,0.0
4378,0,LEFT_TURN,1,100.0,0.0
4384,0,LEFT_TURN,2,105.0,0.0
4384,0,LEFT_TURN,1,105.0,0.0
4385,1,LEFT_TURN,1,115.0,0.0
4389,0,LEFT_TURN,1,58.0,0.0
4389,0,RIGHT_TURN,1,58.0,0.0
4408,0,LEFT_TURN,1,100.0,0.0
4413,0,LEFT_TURN,1,100.0,0.0
4414,0,LEFT_TURN,1,100.0,0.0
4416,0,RIGHT_TURN,1,100.0,0.0
4417,0,RIGHT_TURN,1,100.0,0.0
4421,1,LEFT_TURN,1,100.0,0.0
4429,0,RIGHT_TURN,1,100.0,0.0
4436,0,LEFT_TURN,1,100.0,0.0
4437,0,LEFT_TURN,1,100.0,0.0
4489,1,LEFT_TURN,1,100.0,0.0
4490,0,LEFT_TURN,1,100.0,0.0
4493,0,LEFT_TURN,1,100.0,0.0
4494,1,LEFT_TURN,1,100.0,0.0
4497,0,LEFT_TURN,1,100.0,0.0
4502,1,LEFT_TURN,1,100.0,0.0
4509,0,LEFT_TURN,1,100.0,0.0
4512,0,LEFT_TURN,1,100.0,0.0
4523,0,LEFT_TURN,1,100.0,0.0
4523,0,RIGHT_TURN,1,100.0,0.0
4525,0,LEFT_TURN,1,100.0,0.0
4555,1,LEFT_TURN,1,100.0,0.0
4556,0,LEFT_TURN,1,100.0,0.0
4556,1,LEFT_TURN,1,100.0,0.0
4557,1,LEFT_TURN,1,100.0,0.0
4558,1,LEFT_TURN,1,100.0,0.0
4562,0,RIGHT_MERGE,1,278.7,0.0
4565,1,LEFT_TURN,1,100.0,0.0
4578,0,RIGHT_TURN,1,100.0,0.0
4584,0,RIGHT_TURN,1,100.0,0.0
4586,1,LEFT_TURN,1,100.0,0.0
4586,1,RIGHT_TURN,1,100.0,0.0
4588,1,LEFT_TURN,1,100.0,0.0
4593,0,LEFT_TURN,1,100.0,0.0
4594,0,LEFT_TURN,1,100.0,0.0
4594,1,LEFT_TURN,1,100.0,0.0
4599,0,RIGHT_MERGE,1,264.3,0.0
4600,0,LEFT_TURN,1,100.0,0.0
4601,1,LEFT_TURN,1,100.0,0.0
4608,0,RIGHT_TURN,1,100.0,0.0
4616,1,LEFT_TURN,1,100.0,0.0
4619,1,LEFT_TURN,1,100.0,0.0
4620,1,LEFT_TURN,1,100.0,0.0
4623,1,LEFT_TURN,1,100.0,0.0
4624,0,RIGHT_MERGE,1,263.2,0.0
4625,1,LEFT_TURN,1,100.0,0.0
4626,0,LEFT_TURN,1,100.0,0.0
4627,0,LEFT_TURN,1,100.0,0.0
4627,1,LEFT_TURN,1,100.0,0.0
4649,0,LEFT_TURN,1,100.0,0.0
4651,0,LEFT_TURN,1,100.0,0.0
4651,1,LEFT_TURN,1,100.0,0.0
4652,0,LEFT_TURN,1,100.0,0.0
4653,0,LEFT_TURN,1,100.0,0.0
4656,0,LEFT_TURN,1,100.0,0.0
4657,0,LEFT_TURN,1,100.0,0.0
4665,1,LEFT_TURN,1,100.0,0.0
4666,0,LEFT_TURN,1,100.0,0.0
4666,1,LEFT_TURN,1,100.0,0.0
4667,0,LEFT_TURN,1,100.0,0.0
4667,1,LEFT_TURN,1,100.0,0.0
4670,0,LEFT_TURN,1,300.0,0.0
4672,0,LEFT_TURN,1,300.0,0.0
4674,0,LEFT_TURN,1,100.0,0.0
4674,1,LEFT_TURN,1,100.0,0.0
4680,1,LEFT_TURN,1,100.0,0.0
4681,0,LEFT_TURN,1,100.0,0.0
4681,1,LEFT_TURN,1,100.0,0.0
4683,0,LEFT_TURN,1,100.0,0.0
4685,0,LEFT_TURN,1,100.0,0.0
4694,0,LEFT_TURN,1,100.0,0.0
4695,0,LEFT_TURN,1,100.0,0.0
4702,0,LEFT_TURN,1,100.0,0.0
4702,1,LEFT_TURN,1,100.0,0.0
4704,0,LEFT_TURN,1,100.0,0.0
4706,1,LEFT_TURN,1,100.0,0.0
4707,1,LEFT_TURN,1,100.0,0.0
4708,0,LEFT_TURN,1,100.0,0.0
4708,1,LEFT_TURN,1,100.0,0.0
4709,1,LEFT_TURN,1,100.0,0.0
4710,1,LEFT_TURN,1,100.0,0.0
4713,0,LEFT_TURN,1,100.0,0.0
4718,0,LEFT_TURN,1,100.0,0.0
4720,1,LEFT_TURN,1,100.0,0.0
4723,0,LEFT_TURN,1,100.0,0.0
4726,1,LEFT_TURN,1,100.0,0.0
4729,1,LEFT_TURN,1,100.0,0.0
4732,1,LEFT_TURN,1,100.0,0.0
4733,1,LEFT_TURN,1,100.0,0.0
4738,0,LEFT_TURN,1,100.0,0.0
4742,0,RIGHT_TURN,1,100.0,0.0
4745,0,RIGHT_TURN,1,100.0,0.0
4746,0,RIGHT_TURN,1,100.0,0.0
4749,0,RIGHT_TURN,1,100.0,0.0
4756,0,LEFT_TURN,1,100.0,0.0
4757,0,LEFT_TURN,1,53.2,0.0
4764,0,LEFT_TURN,1,100.0,0.0
4779,0,LEFT_TURN,1,100.0,0.0
4780,0,LEFT_TURN,1,100.0,0.0
4788,0,LEFT_TURN,1,100.0,0.0
4789,0,LEFT_TURN,1,100.0,0.0
4793,0,LEFT_TURN,1,100.0,0.0
4797,1,LEFT_TURN,1,100.0,0.0
4800,0,LEFT_TURN,1,100.0,0.0
4801,1,LEFT_TURN,1,100.0,0.0
4807,0,LEFT_TURN,1,100.0,0.0
4811,1,LEFT_TURN,1,100.0,0.0
4819,0,LEFT_TURN,1,100.0,0.0
4820,0,LEFT_TURN,1,100.0,0.0
4829,0,LEFT_TURN,1,100.0,0.0
4831,0,LEFT_TURN,1,100.0,0.0
4831,1,LEFT_TURN,1,100.0,0.0
4834,0,LEFT_TURN,1,100.0,0.0
4837,0,LEFT_TURN,1,100.0,0.0
4839,0,LEFT_TURN,1,100.0,0.0
4839,1,LEFT_TURN,1,100.0,0.0
4841,0,LEFT_TURN,1,100.0,0.0
4859,0,LEFT_TURN,1,100.0,0.0
4862,0,LEFT_TURN,1,100.0,0.0
4864,0,LEFT_TURN,1,100.0,0.0
4865,0,LEFT_TURN,1,100.0,0.0
4870,0,LEFT_TURN,1,100.0,0.0
4877,0,LEFT_TURN,1,226.9,0.0
4883,0,LEFT_TURN,1,100.0,0.0
4884,0,LEFT_TURN,1,300.0,0.0
4885,0,LEFT_TURN,1,100.0,0.0
4886,0,LEFT_TURN,1,100.0,0.0
4887,0,LEFT_TURN,1,100.0,0.0
4888,0,LEFT_TURN,1,100.0,0.0
4896,0,LEFT_TURN,1,300.0,0.0
4898,1,LEFT_TURN,1,100.0,0.0
4902,0,LEFT_TURN,1,100.0,0.0
4907,0,RIGHT_MERGE,1,321.9,0.0
4915,0,LEFT_TURN,1,100.0,0.0
4944,0,LEFT_TURN,1,100.0,0.0
4946,0,LEFT_TURN,1,100.0,0.0
4947,0,LEFT_TURN,1,100.0,0.0
4982,0,RIGHT_MERGE,1,292.0,0.0
4989,0,RIGHT_MERGE,1,250.0,0.0
4990,0,RIGHT_MERGE,1,500.0,0.0
4991,0,RIGHT_MERGE,1,100.0,0.0
5001,0,LEFT_TURN,1,100.0,0.0
5002,0,LEFT_TURN,1,100.0,0.0
5004,0,LEFT_TURN,1,100.0,0.0
5012,0,LEFT_TURN,1,100.0,0.0
5037,0,LEFT_TURN,1,100.0,0.0
5041,0,LEFT_TURN,1,100.0,0.0
5058,0,LEFT_TURN,1,100.0,0.0
5065,0,LEFT_TURN,1,100.0,0.0
5085,0,LEFT_TURN,1,100.0,0.0
5090,0,LEFT_TURN,1,100.0,0.0
5092,0,LEFT_TURN,1,100.0,0.0
5125,1,LEFT_TURN,1,100.0,0.0
5132,0,LEFT_TURN,1,56.2,0.0
5132,1,LEFT_TURN,1,56.2,0.0
5133,0,LEFT_TURN,1,100.0,0.0
5134,0,LEFT_TURN,1,100.0,0.0
5146,0,LEFT_TURN,1,87.3,0.0
5148,1,RIGHT_TURN,1,50.0,0.0
5149,0,LEFT_TURN,1,100.0,0.0
5149,0,RIGHT_TURN,1,100.0,0.0
5149,1,RIGHT_TURN,1,100.0,0.0
5158,0,LEFT_TURN,1,100.0,0.0
5162,0,LEFT_TURN,1,100.0,0.0
5163,0,LEFT_TURN,1,100.0,0.0
5166,0,LEFT_TURN,1,92.3,0.0
5167,0,LEFT_TURN,1,100.0,0.0
5168,0,LEFT_TURN,1,93.2,0.0
5169,0,LEFT_TURN,1,100.0,0.0
5171,0,LEFT_TURN,1,86.4,0.0
5172,0,LEFT_TURN,1,100.0,0.0
5175,0,LEFT_TURN,1,100.0,0.0
5176,1,LEFT_TURN,1,100.0,0.0
5180,0,LEFT_TURN,1,100.0,0.0
5180,1,LEFT_TURN,1,100.0,0.0
5181,0,LEFT_TURN,1,100.0,0.0
5181,1,LEFT_TURN,1,100.0,0.0
5182,0,LEFT_TURN,1,86.5,0.0
5182,1,LEFT_TURN,1,86.5,0.0
5189,0,LEFT_TURN,1,100.0,0.0
5193,0,LEFT_TURN,1,100.0,0.0
5195,0,LEFT_TURN,1,100.0,0.0
5195,1,LEFT_TURN,1,100.0,0.0
5196,1,LEFT_TURN,1,100.0,0.0
5197,1,RIGHT_TURN,1,65.0,0.0
5197,1,RIGHT_TURN,2,65.0,0.0
5205,0,LEFT_TURN,1,100.0,0.0
5209,0,LEFT_TURN,1,100.0,0.0
5209,1,LEFT_TURN,1,100.0,0.0
5215,1,LEFT_TURN,1,100.0,0.0
5217,0,LEFT_TURN,1,64.2,0.0
5217,1,LEFT_TURN,1,64.2,0.0
5223,0,LEFT_MERGE,1,400.0,0.0
5237,1,LEFT_TURN,1,100.0,0.0
5239,0,LEFT_TURN,1,100.0,0.0
5248,0,LEFT_TURN,1,100.0,0.0
5248,1,LEFT_TURN,1,100.0,0.0
5255,0,LEFT_TURN,1,100.0,0.0
5256,1,LEFT_TURN,1,100.0,0.0
5257,1,LEFT_TURN,1,100.0,0.0
5258,1,LEFT_TURN,1,100.0,0.0
5259,1,LEFT_TURN,1,100.0,0.0
5261,1,LEFT_TURN,1,100.0,0.0
5263,1,LEFT_TURN,1,100.0,0.0
5265,0,LEFT_TURN,1,100.0,0.0
5265,1,LEFT_TURN,1,100.0,0.0
5266,0,LEFT_TURN,1,100.0,0.0
5267,1,LEFT_TURN,1,100.0,0.0
5268,1,LEFT_TURN,1,100.0,0.0
5269,1,LEFT_TURN,1,100.0,0.0
5277,0,LEFT_TURN,1,100.0,0.0
5277,1,LEFT_TURN,1,100.0,0.0
5282,0,LEFT_TURN,1,100.0,0.0
5282,1,LEFT_TURN,1,100.0,0.0
5285,0,LEFT_TURN,1,100.0,0.0
5286,0,LEFT_TURN,1,100.0,0.0
5287,0,LEFT_TURN,1,100.0,0.0
5288,1,LEFT_TURN,1,100.0,0.0
5296,0,LEFT_TURN,1,100.0,0.0
5301,0,LEFT_TURN,1,100.0,0.0
5303,0,LEFT_TURN,1,100.0,0.0
5308,0,LEFT_TURN,1,100.0,0.0
5314,0,LEFT_TURN,1,83.5,0.0
5316,0,LEFT_TURN,1,82.7,0.0
5319,0,LEFT_TURN,1,100.0,0.0
5319,1,LEFT_TURN,1,100.0,0.0
5321,0,LEFT_TURN,1,100.0,0.0
5324,0,LEFT_TURN,1,100.0,0.0
5327,1,LEFT_TURN,1,100.0,0.0
5329,1,LEFT_TURN,1,100.0,0.0
5330,1,LEFT_TURN,1,100.0,0.0
5331,1,LEFT_TURN,1,100.0,0.0
5332,1,LEFT_TURN,1,100.0,0.0
5333,0,LEFT_TURN,1,100.0,0.0
5333,1,LEFT_TURN,1,100.0,0.0
5335,0,LEFT_TURN,1,100.0,0.0
5335,1,LEFT_TURN,1,100.0,0.0
5336,1,LEFT_TURN,1,100.0,0.0
5338,1,LEFT_TURN,1,100.0,0.0
5340,0,LEFT_TURN,1,100.0,0.0
5342,1,LEFT_TURN,1,100.0,0.0
5345,0,LEFT_TURN,1,100.0,0.0
5347,0,LEFT_TURN,1,100.0,0.0
5349,1,LEFT_TURN,1,100.0,0.0
5350,0,LEFT_TURN,1,100.0,0.0
5350,1,LEFT_TURN,1,100.0,0.0
5367,1,LEFT_TURN,1,100.0,0.0
5376,0,LEFT_TURN,1,100.0,0.0
5376,1,LEFT_TURN,1,100.0,0.0
5379,0,LEFT_TURN,1,89.6,0.0
5383,0,LEFT_TURN,1,100.0,0.0
5388,0,LEFT_TURN,1,100.0,0.0
5388,1,LEFT_TURN,1,100.0,0.0
5391,1,LEFT_TURN,1,100.0,0.0
5392,1,LEFT_TURN,1,100.0,0.0
5394,0,LEFT_TURN,1,100.0,0.0
5396,0,LEFT_TURN,1,100.0,0.0
5396,1,LEFT_TURN,1,100.0,0.0
5399,0,LEFT_TURN,1,100.0,0.0
5403,0,LEFT_TURN,1,71.2,0.0
5403,1,LEFT_TURN,1,71.2,0.0
5406,1,LEFT_TURN,1,100.0,0.0
5410,1,LEFT_TURN,1,100.0,0.0
5413,0,LEFT_TURN,1,100.0,0.0
5414,0,LEFT_TURN,1,100.0,0.0
5419,1,LEFT_TURN,1,100.0,0.0
5422,0,LEFT_TURN,1,100.0,0.0
5427,1,LEFT_TURN,1,100.0,0.0
5428,0,LEFT_TURN,1,100.0,0.0
5429,1,LEFT_TURN,1,100.0,0.0
5430,0,LEFT_TURN,1,100.0,0.0
5430,1,LEFT_TURN,1,100.0,0.0
5431,1,LEFT_TURN,1,100.0,0.0
5433,1,LEFT_TURN,1,100.0,0.0
5439,1,LEFT_TURN,1,100.0,0.0
5440,1,LEFT_TURN,1,100.0,0.0
5441,1,LEFT_TURN,1,100.0,0.0
5444,1,LEFT_TURN,1,100.0,0.0
5445,0,LEFT_TURN,1,93.8,0.0
5445,1,LEFT_TURN,1,93.8,0.0
5447,0,LEFT_TURN,1,59.4,0.0
5447,1,LEFT_TURN,1,59.4,0.0
5452,0,LEFT_TURN,1,100.0,0.0
5452,1,LEFT_TURN,1,100.0,0.0
5454,0,LEFT_TURN,1,100.0,0.0
5456,0,LEFT_TURN,1,100.0,0.0
5456,1,LEFT_TURN,1,100.0,0.0
5458,0,LEFT_TURN,1,100.0,0.0
5458,1,LEFT_TURN,1,100.0,0.0
5460,0,LEFT_TURN,1,74.5,0.0
5460,1,LEFT_TURN,1,74.5,0.0
5461,0,LEFT_TURN,1,63.3,0.0
5465,1,LEFT_TURN,1,100.0,0.0
5466,0,LEFT_TURN,1,100.0,0.0
5467,1,LEFT_TURN,1,100.0,0.0
5469,1,LEFT_TURN,1,100.0,0.0
5470,1,LEFT_TURN,1,65.5,0.0
5479,0,LEFT_TURN,1,100.0,0.0
5480,0,LEFT_TURN,1,65.2,0.0
5480,1,LEFT_TURN,1,65.2,0.0
5482,0,LEFT_TURN,1,100.0,0.0
5482,1,LEFT_TURN,1,100.0,0.0
5490,0,LEFT_TURN,1,100.0,0.0
5491,0,LEFT_TURN,1,100.0,0.0
5495,0,LEFT_TURN,1,100.0,0.0
5497,0,LEFT_TURN,1,100.0,0.0
5502,0,LEFT_TURN,1,80.4,0.0
5503,0,LEFT_TURN,1,100.0,0.0
5503,1,LEFT_TURN,1,100.0,0.0
5504,0,LEFT_TURN,1,100.0,0.0
5511,0,RIGHT_TURN,1,100.0,0.0
5512,0,RIGHT_TURN,1,100.0,0.0
5522,0,LEFT_TURN,1,100.0,0.0
5523,0,LEFT_TURN,1,100.0,0.0
5551,1,LEFT_TURN,1,100.0,0.0
5552,0,LEFT_TURN,1,100.0,0.0
5556,0,LEFT_TURN,1,85.1,0.0
5558,0,LEFT_TURN,1,100.0,0.0
5564,0,LEFT_TURN,1,100.0,0.0
5576,0,LEFT_TURN,1,91.7,0.0
5576,1,LEFT_TURN,1,91.7,0.0
5578,0,LEFT_TURN,1,100.0,0.0
5582,0,LEFT_TURN,1,100.0,0.0
5588,0,LEFT_TURN,1,100.0,0.0
5588,1,LEFT_TURN,1,100.0,0.0
5592,0,LEFT_TURN,1,100.0,0.0
5593,0,LEFT_TURN,1,100.0,0.0
5598,0,LEFT_TURN,1,100.0,0.0
5605,1,LEFT_TURN,1,100.0,0.0
5606,1,LEFT_TURN,1,100.0,0.0
5608,0,LEFT_TURN,1,100.0,0.0
5608,1,LEFT_TURN,1,100.0,0.0
5609,0,LEFT_TURN,1,100.0,0.0
5609,1,LEFT_TURN,1,100.0,0.0
5611,0,LEFT_TURN,1,100.0,0.0
5611,1,LEFT_TURN,1,100.0,0.0
5612,0,LEFT_TURN,1,100.0,0.0
5613,0,LEFT_TURN,1,100.0,0.0
5614,1,LEFT_TURN,1,100.0,0.0
5621,1,LEFT_TURN,1,100.0,0.0
5634,1,LEFT_TURN,1,100.0,0.0
5640,1,LEFT_TURN,1,100.0,0.0
5642,1,LEFT_TURN,1,100.0,0.0
5662,0,LEFT_TURN,1,60.9,0.0
5662,1,LEFT_TURN,1,60.9,0.0
5663,1,RIGHT_TURN,1,100.0,0.0
5664,0,LEFT_TURN,1,100.0,0.0
5664,1,LEFT_TURN,1,100.0,0.0
5665,1,LEFT_TURN,1,100.0,0.0
5667,0,LEFT_TURN,1,100.0,0.0
5668,1,LEFT_TURN,1,100.0,0.0
5669,0,LEFT_TURN,1,93.9,0.0
5670,1,LEFT_TURN,1,100.0,0.0
5672,0,LEFT_TURN,1,100.0,0.0
5673,1,LEFT_TURN,1,100.0,0.0
5675,0,LEFT_TURN,1,100.0,0.0
5676,0,LEFT_TURN,1,100.0,0.0
5676,1,LEFT_TURN,1,100.0,0.0
5677,0,LEFT_TURN,1,100.0,0.0
5677,1,LEFT_TURN,1,100.0,0.0
5680,0,LEFT_TURN,1,100.0,0.0
5683,0,LEFT_TURN,1,100.0,0.0
5687,0,LEFT_TURN,1,75.6,0.0
5688,0,LEFT_TURN,1,203.4,0.0
5693,0,LEFT_TURN,1,100.0,0.0
5695,1,LEFT_TURN,1,91.6,0.0
5696,0,LEFT_TURN,1,100.0,0.0
5699,0,LEFT_TURN,1,100.0,0.0
5705,0,LEFT_TURN,1,100.0,0.0
5706,0,LEFT_TURN,1,100.0,0.0
5706,1,LEFT_TURN,1,100.0,0.0
5707,1,LEFT_TURN,1,100.0,0.0
5708,0,LEFT_TURN,1,100.0,0.0
5709,0,LEFT_TURN,1,100.0,0.0
5709,1,LEFT_TURN,1,100.0,0.0
5710,1,LEFT_TURN,1,100.0,0.0
5711,0,LEFT_TURN,1,73.5,0.0
5721,0,RIGHT_MERGE,1,250.0,0.0
5723,1,RIGHT_TURN,1,25.0,0.0
5723,1,LEFT_TURN,1,60.0,0.0
5725,1,RIGHT_MERGE,1,300.0,0.0
5730,0,LEFT_TURN,1,100.0,0.0
5731,1,LEFT_TURN,1,100.0,0.0
5732,0,RIGHT_TURN,1,100.0,0.0
5733,0,LEFT_TURN,1,100.0,0.0
5733,1,LEFT_TURN,1,100.0,0.0
5735,0,LEFT_TURN,1,100.0,0.0
5740,0,LEFT_TURN,1,65.2,0.0
5742,1,LEFT_TURN,1,100.0,0.0
5745,0,LEFT_TURN,1,100.0,0.0
5746,1,LEFT_TURN,1,100.0,0.0
5750,1,LEFT_TURN,1,100.0,0.0
5752,1,LEFT_TURN,1,100.0,0.0
5761,0,LEFT_TURN,1,79.5,0.0
5764,0,LEFT_TURN,1,100.0,0.0
5765,0,LEFT_TURN,1,100.0,0.0
5769,0,LEFT_TURN,1,100.0,0.0
5774,0,LEFT_TURN,1,100.0,0.0
5775,0,LEFT_TURN,1,100.0,0.0
5776,0,LEFT_TURN,1,80.0,0.0
5777,0,LEFT_TURN,1,100.0,0.0
5779,1,LEFT_TURN,1,100.0,0.0
5780,0,LEFT_TURN,1,100.0,0.0
5781,1,LEFT_TURN,1,100.0,0.0
5783,1,LEFT_TURN,1,100.0,0.0
5784,0,LEFT_TURN,1,51.7,0.0
5784,1,LEFT_TURN,1,51.7,0.0
5789,0,LEFT_TURN,1,100.0,0.0
5789,1,LEFT_TURN,1,100.0,0.0
5793,0,LEFT_TURN,1,100.0,0.0
5805,0,LEFT_TURN,1,100.0,0.0
5807,0,LEFT_TURN,1,100.0,0.0
5809,0,LEFT_TURN,1,100.0,0.0
5810,0,LEFT_TURN,1,69.9,0.0
5811,0,LEFT_TURN,1,75.2,0.0
5819,0,LEFT_TURN,1,65.8,0.0
5819,1,LEFT_TURN,1,65.8,0.0
5820,0,LEFT_TURN,1,72.5,0.0
5830,0,LEFT_TURN,1,100.0,0.0
5835,0,RIGHT_TURN,1,100.0,0.0
5836,1,LEFT_TURN,1,100.0,0.0
5846,0,LEFT_TURN,1,100.0,0.0
5847,0,RIGHT_TURN,1,100.0,0.0
5856,0,LEFT_TURN,1,73.0,0.0
5857,1,LEFT_TURN,1,100.0,0.0
5859,0,RIGHT_TURN,1,55.4,0.0
5861,1,LEFT_TURN,1,100.0,0.0
5863,0,LEFT_TURN,1,100.0,0.0
5863,1,LEFT_TURN,1,100.0,0.0
5864,0,LEFT_TURN,1,100.0,0.0
5864,1,LEFT_TURN,1,100.0,0.0
5865,1,LEFT_TURN,1,100.0,0.0
5866,1,LEFT_TURN,1,100.0,0.0
5867,0,LEFT_TURN,1,100.0,0.0
5867,1,LEFT_TURN,1,100.0,0.0
5872,0,LEFT_TURN,1,100.0,0.0
5875,0,LEFT_TURN,1,100.0,0.0
5875,1,LEFT_TURN,1,100.0,0.0
5878,1,LEFT_TURN,1,100.0,0.0
5879,1,LEFT_TURN,1,100.0,0.0
5880,1,LEFT_TURN,1,58.0,0.0
5881,1,LEFT_TURN,1,100.0,0.0
5882,0,LEFT_TURN,1,100.0,0.0
5884,1,LEFT_TURN,1,100.0,0.0
5887,0,LEFT_TURN,1,100.0,0.0
5888,1,LEFT_TURN,1,100.0,0.0
5890,0,LEFT_TURN,1,100.0,0.0
5890,1,LEFT_TURN,1,100.0,0.0
5892,1,LEFT_TURN,1,100.0,0.0
5893,1,LEFT_TURN,1,100.0,0.0
5908,0,LEFT_TURN,1,100.0,0.0
5913,0,LEFT_TURN,1,100.0,0.0
5918,0,LEFT_TURN,1,100.0,0.0
5919,0,LEFT_TURN,1,100.0,0.0
5919,1,LEFT_TURN,1,100.0,0.0
5922,0,LEFT_TURN,1,100.0,0.0
5924,0,LEFT_TURN,1,100.0,0.0
5925,0,LEFT_TURN,1,100.0,0.0
5928,0,LEFT_TURN,1,51.8,0.0
5929,0,RIGHT_TURN,1,100.0,0.0
5934,0,LEFT_TURN,1,100.0,0.0
5934,1,LEFT_TURN,1,100.0,0.0
5936,0,LEFT_TURN,1,100.0,0.0
5938,0,LEFT_TURN,1,100.0,0.0
5938,1,LEFT_TURN,1,100.0,0.0
5940,0,LEFT_TURN,1,100.0,0.0
5941,0,LEFT_TURN,1,73.5,0.0
5941,1,LEFT_TURN,1,73.5,0.0
5943,0,LEFT_TURN,1,100.0,0.0
5946,0,LEFT_TURN,1,60.7,0.0
5948,1,LEFT_TURN,1,100.0,0.0
5949,0,LEFT_TURN,1,100.0,0.0
5952,0,LEFT_TURN,1,100.0,0.0
5956,0,LEFT_TURN,1,100.0,0.0
5956,1,LEFT_TURN,1,100.0,0.0
5957,0,LEFT_TURN,1,100.0,0.0
5958,0,LEFT_TURN,1,100.0,0.0
5965,1,LEFT_TURN,1,100.0,0.0
5966,1,LEFT_TURN,1,100.0,0.0
5967,1,LEFT_TURN,1,100.0,0.0
5968,1,LEFT_TURN,1,100.0,0.0
5973,0,LEFT_TURN,1,100.0,0.0
5974,1,LEFT_TURN,1,100.0,0.0
5975,0,LEFT_TURN,1,100.0,0.0
5975,1,LEFT_TURN,1,100.0,0.0
5976,1,LEFT_TURN,1,100.0,0.0
5977,1,LEFT_TURN,1,100.0,0.0
5978,1,LEFT_TURN,1,100.0,0.0
5979,0,LEFT_TURN,1,100.0,0.0
5982,0,LEFT_TURN,1,80.9,0.0
5982,1,LEFT_TURN,1,80.9,0.0
5991,0,LEFT_TURN,1,86.9,0.0
5991,1,LEFT_TURN,1,86.9,0.0
5994,1,LEFT_TURN,1,100.0,0.0
6004,1,LEFT_TURN,1,100.0,0.0
6010,1,LEFT_TURN,2,85.0,0.0
6010,1,LEFT_TURN,1,85.0,0.0
6013,1,LEFT_TURN,1,100.0,0.0
6026,1,LEFT_TURN,1,86.0,0.0
6030,1,LEFT_TURN,1,100.0,0.0
6053,1,LEFT_TURN,1,71.0,0.0
6054,1,LEFT_TURN,1,100.0,0.0
6056,0,LEFT_TURN,1,100.0,0.0
6063,1,LEFT_TURN,1,92.1,0.0
6064,1,LEFT_TURN,1,100.0,0.0
6065,1,LEFT_TURN,1,100.0,0.0
6066,1,LEFT_TURN,1,100.0,0.0
6074,1,LEFT_TURN,1,100.0,0.0
6080,1,LEFT_TURN,1,100.0,0.0
6081,0,LEFT_TURN,1,100.0,0.0
6081,1,LEFT_TURN,1,100.0,0.0
6082,1,LEFT_TURN,1,100.0,0.0
6092,1,LEFT_TURN,1,100.0,0.0
6093,1,LEFT_TURN,1,100.0,0.0
6094,0,LEFT_TURN,1,100.0,0.0
6095,0,LEFT_TURN,1,100.0,0.0
6096,1,LEFT_TURN,1,100.0,0.0
6097,0,LEFT_TURN,1,100.0,0.0
6098,0,LEFT_TURN,1,100.0,0.0
6098,1,LEFT_TURN,1,100.0,0.0
6099,1,LEFT_TURN,1,100.0,0.0
6100,0,LEFT_TURN,1,100.0,0.0
6102,1,LEFT_TURN,1,100.0,0.0
6106,1,LEFT_TURN,1,100.0,0.0
6108,0,LEFT_TURN,1,100.0,0.0
6110,0,LEFT_TURN,1,100.0,0.0
6110,1,LEFT_TURN,1,100.0,0.0
6111,0,LEFT_TURN,1,100.0,0.0
6111,1,LEFT_TURN,1,100.0,0.0
6112,0,LEFT_TURN,1,60.5,0.0
6112,1,LEFT_TURN,1,60.5,0.0
6113,0,LEFT_TURN,1,100.0,0.0
6114,0,LEFT_TURN,1,100.0,0.0
6114,1,LEFT_TURN,1,100.0,0.0
6115,1,LEFT_TURN,1,100.0,0.0
6116,1,LEFT_TURN,1,100.0,0.0
6118,1,LEFT_TURN,1,100.0,0.0
6119,0,LEFT_TURN,1,100.0,0.0
6120,0,LEFT_TURN,1,100.0,0.0
6120,1,LEFT_TURN,1,100.0,0.0
6121,0,LEFT_TURN,1,100.0,0.0
6121,1,LEFT_TURN,1,100.0,0.0
6122,1,LEFT_TURN,1,100.0,0.0
6128,1,LEFT_TURN,1,100.0,0.0
6137,0,LEFT_TURN,1,100.0,0.0
6139,1,LEFT_TURN,1,100.0,0.0
6144,0,LEFT_TURN,1,227.8,0.0
6156,1,LEFT_TURN,1,100.0,0.0
6157,0,LEFT_TURN,1,100.0,0.0
6157,1,LEFT_TURN,1,100.0,0.0
6160,1,LEFT_TURN,1,100.0,0.0
6161,1,LEFT_TURN,1,100.0,0.0
6163,0,LEFT_TURN,1,100.0,0.0
6163,1,LEFT_TURN,1,100.0,0.0
6164,0,LEFT_TURN,1,100.0,0.0
6165,0,LEFT_TURN,1,100.0,0.0
6182,0,LEFT_TURN,1,100.0,0.0
6196,1,LEFT_TURN,1,69.4,0.0
6202,1,LEFT_TURN,1,100.0,0.0
6203,1,LEFT_TURN,1,100.0,0.0
6204,0,LEFT_TURN,1,100.0,0.0
6204,1,LEFT_TURN,1,100.0,0.0
6205,1,LEFT_TURN,1,61.4,0.0
6206,0,LEFT_TURN,1,100.0,0.0
6206,1,LEFT_TURN,1,100.0,0.0
6208,0,LEFT_TURN,1,100.0,0.0
6208,1,LEFT_TURN,1,100.0,0.0
6211,0,LEFT_TURN,1,100.0,0.0
6211,1,LEFT_TURN,1,100.0,0.0
6212,1,LEFT_TURN,1,100.0,0.0
6213,1,LEFT_TURN,1,100.0,0.0
6214,1,LEFT_TURN,1,100.0,0.0
6216,0,LEFT_TURN,1,100.0,0.0
6216,1,LEFT_TURN,1,100.0,0.0
6217,0,LEFT_TURN,1,100.0,0.0
6218,1,LEFT_TURN,1,100.0,0.0
6219,1,LEFT_TURN,1,100.0,0.0
6220,0,LEFT_TURN,1,100.0,0.0
6221,1,LEFT_TURN,1,100.0,0.0
6222,0,LEFT_TURN,1,100.0,0.0
6223,1,LEFT_TURN,1,100.0,0.0
6224,0,LEFT_TURN,1,100.0,0.0
6224,1,LEFT_TURN,1,100.0,0.0
6231,0,LEFT_TURN,1,100.0,0.0
6233,0,LEFT_TURN,1,100.0,0.0
6235,0,LEFT_TURN,1,89.9,0.0
6236,0,LEFT_TURN,1,100.0,0.0
6240,0,RIGHT_TURN,1,500.0,0.0
6244,0,LEFT_TURN,1,64.0,0.0
6246,0,LEFT_TURN,1,100.0,0.0
6246,1,LEFT_TURN,1,100.0,0.0
6250,1,LEFT_TURN,1,100.0,0.0
6251,1,LEFT_TURN,1,100.0,0.0
6256,1,LEFT_TURN,1,100.0,0.0
6259,0,LEFT_TURN,1,100.0,0.0
6260,0,LEFT_TURN,1,71.6,0.0
6260,1,LEFT_TURN,1,71.6,0.0
6262,0,LEFT_TURN,1,100.0,0.0
6262,1,LEFT_TURN,1,100.0,0.0
6264,1,LEFT_TURN,1,100.0,0.0
6267,0,LEFT_TURN,1,100.0,0.0
6268,0,LEFT_TURN,1,100.0,0.0
6269,0,LEFT_TURN,1,100.0,0.0
6279,0,LEFT_TURN,1,100.0,0.0
6294,0,LEFT_TURN,1,100.0,0.0
6298,0,LEFT_TURN,1,100.0,0.0
6298,1,LEFT_TURN,1,100.0,0.0
6299,0,RIGHT_MERGE,1,500.0,0.0
6307,0,LEFT_TURN,1,57.9,0.0
6310,1,LEFT_TURN,1,100.0,0.0
6312,0,LEFT_TURN,1,100.0,0.0
6312,1,LEFT_TURN,1,100.0,0.0
6313,0,LEFT_TURN,1,100.0,0.0
6313,1,LEFT_TURN,1,100.0,0.0
6316,0,RIGHT_MERGE,1,50.0,0.0
6318,0,LEFT_MERGE,1,175.0,0.0
6348,1,LEFT_TURN,1,100.0,0.0
6359,0,LEFT_TURN,1,60.0,0.0
6373,0,RIGHT_MERGE,1,258.0,0.0
6374,0,LEFT_TURN,1,100.0,0.0
6375,1,LEFT_TURN,1,100.0,0.0
6377,1,RIGHT_TURN,1,100.0,0.0
6379,0,LEFT_TURN,1,100.0,0.0
6380,1,RIGHT_TURN,1,100.0,0.0
6386,0,LEFT_TURN,1,100.0,0.0
6386,0,RIGHT_TURN,1,100.0,0.0
6389,1,LEFT_TURN,1,100.0,0.0
6390,1,LEFT_TURN,1,100.0,0.0
6392,1,LEFT_TURN,1,100.0,0.0
6395,1,LEFT_TURN,1,100.0,0.0
6396,0,LEFT_TURN,1,100.0,0.0
6397,0,LEFT_TURN,1,100.0,0.0
6400,1,LEFT_TURN,1,100.0,0.0
6402,1,LEFT_TURN,1,100.0,0.0
6403,1,LEFT_TURN,1,100.0,0.0
6404,0,LEFT_TURN,1,100.0,0.0
6408,0,RIGHT_TURN,1,100.0,0.0
6409,0,RIGHT_TURN,1,100.0,0.0
6409,1,LEFT_TURN,2,130.0,0.0
6409,1,LEFT_TURN,1,130.0,0.0
6410,1,LEFT_TURN,1,100.0,0.0
6411,1,LEFT_TURN,1,100.0,0.0
6411,1,RIGHT_TURN,1,100.0,0.0
6415,0,RIGHT_MERGE,1,332.0,0.0
6419,0,RIGHT_TURN,1,500.0,0.0
6422,1,LEFT_TURN,1,100.0,0.0
6433,1,LEFT_TURN,1,100.0,0.0
6439,0,RIGHT_TURN,1,100.0,0.0
6440,1,LEFT_TURN,1,100.0,0.0
6441,1,LEFT_TURN,1,100.0,0.0
6443,0,LEFT_TURN,1,100.0,0.0
6443,0,RIGHT_TURN,1,100.0,0.0
6444,1,LEFT_TURN,1,100.0,0.0
6444,1,RIGHT_TURN,1,100.0,0.0
6445,0,LEFT_TURN,1,100.0,0.0
6445,0,RIGHT_TURN,1,100.0,0.0
6446,1,LEFT_TURN,1,100.0,0.0
6446,1,RIGHT_TURN,1,100.0,0.0
6447,0,LEFT_TURN,1,100.0,0.0
6447,0,RIGHT_TURN,1,100.0,0.0
6458,0,LEFT_TURN,1,100.0,0.0
6459,1,RIGHT_TURN,1,100.0,0.0
6460,0,LEFT_TURN,1,100.0,0.0
6460,0,RIGHT_TURN,1,100.0,0.0
6461,1,LEFT_TURN,1,100.0,0.0
6461,1,RIGHT_TURN,1,100.0,0.0
6462,0,LEFT_TURN,1,100.0,0.0
6462,0,RIGHT_TURN,1,100.0,0.0
6462,1,LEFT_TURN,1,100.0,0.0
6462,1,RIGHT_TURN,1,100.0,0.0
6464,1,LEFT_TURN,1,100.0,0.0
6465,1,LEFT_TURN,1,100.0,0.0
6466,1,LEFT_TURN,1,100.0,0.0
6467,1,LEFT_TURN,1,100.0,0.0
6481,0,LEFT_TURN,1,100.0,0.0
6489,0,LEFT_TURN,1,100.0,0.0
6489,0,RIGHT_TURN,1,100.0,0.0
6490,1,LEFT_TURN,1,100.0,0.0
6492,1,LEFT_TURN,1,100.0,0.0
6496,1,LEFT_TURN,1,100.0,0.0
6497,0,LEFT_TURN,1,100.0,0.0
6498,1,LEFT_TURN,1,100.0,0.0
6498,1,RIGHT_TURN,1,100.0,0.0
6499,1,LEFT_TURN,1,100.0,0.0
6500,0,LEFT_TURN,1,100.0,0.0
6500,1,LEFT_TURN,1,100.0,0.0
6500,1,RIGHT_TURN,1,100.0,0.0
6502,1,RIGHT_TURN,1,100.0,0.0
6505,1,LEFT_TURN,1,100.0,0.0
6529,0,LEFT_TURN,1,100.0,0.0
6655,1,LEFT_TURN,1,100.0,0.0
6656,0,LEFT_TURN,1,100.0,0.0
6657,1,LEFT_TURN,1,100.0,0.0
6662,1,LEFT_TURN,1,100.0,0.0
6663,0,LEFT_TURN,1,100.0,0.0
7502,0,LEFT_TURN,1,100.0,0.0
7524,0,LEFT_TURN,1,100.0,0.0
7540,0,LEFT_TURN,1,100.0,0.0
7546,0,LEFT_TURN,1,100.0,0.0
7585,0,LEFT_TURN,1,100.0,0.0
7588,0,LEFT_TURN,1,100.0,0.0
7589,0,LEFT_TURN,1,100.0,0.0
7594,0,LEFT_TURN,1,100.0,0.0
7595,0,LEFT_TURN,1,100.0,0.0
7596,0,LEFT_TURN,1,100.0,0.0
7599,0,LEFT_TURN,1,100.0,0.0
7600,0,RIGHT_TURN,1,100.0,0.0
7606,0,LEFT_TURN,1,100.0,0.0
7608,0,LEFT_TURN,1,100.0,0.0
7609,0,LEFT_TURN,1,100.0,0.0
7615,0,LEFT_TURN,1,100.0,0.0
7616,0,LEFT_TURN,1,100.0,0.0
7618,0,LEFT_TURN,1,100.0,0.0
7623,0,LEFT_TURN,1,100.0,0.0
7624,0,LEFT_TURN,1,100.0,0.0
7625,0,LEFT_TURN,1,100.0,0.0
7626,0,LEFT_TURN,1,100.0,0.0
7627,0,LEFT_TURN,1,100.0,0.0
7629,0,LEFT_TURN,1,100.0,0.0
7630,0,LEFT_TURN,1,100.0,0.0
7634,0,LEFT_TURN,1,100.0,0.0
7635,0,LEFT_TURN,1,100.0,0.0
7636,0,LEFT_TURN,1,100.0,0.0
7637,0,LEFT_TURN,1,100.0,0.0
7638,0,LEFT_TURN,1,100.0,0.0
7639,0,LEFT_TURN,1,100.0,0.0
7640,0,LEFT_TURN,1,100.0,0.0
7641,0,LEFT_TURN,1,100.0,0.0
7644,0,LEFT_TURN,1,100.0,0.0
7645,0,LEFT_TURN,1,100.0,0.0
7647,0,LEFT_TURN,1,100.0,0.0
7647,0,RIGHT_TURN,1,100.0,0.0
7650,0,LEFT_TURN,1,100.0,0.0
7655,0,LEFT_TURN,1,100.0,0.0
7662,0,LEFT_TURN,1,100.0,0.0
7668,0,LEFT_TURN,1,100.0,0.0
7669,0,LEFT_TURN,1,94.4,0.0
7670,0,LEFT_TURN,1,100.0,0.0
7671,0,LEFT_TURN,1,100.0,0.0
7672,0,LEFT_TURN,1,100.0,0.0
7673,0,LEFT_TURN,1,100.0,0.0
7674,0,LEFT_TURN,1,100.0,0.0
7676,0,LEFT_TURN,1,100.0,0.0
7687,0,RIGHT_TURN,1,100.0,0.0
7689,0,RIGHT_TURN,1,100.0,0.0
7694,0,LEFT_TURN,1,100.0,0.0
7703,0,LEFT_TURN,1,100.0,0.0
7704,0,RIGHT_TURN,1,100.0,0.0
7725,0,LEFT_TURN,1,100.0,0.0
7731,0,LEFT_TURN,1,100.0,0.0
7735,0,RIGHT_TURN,1,50.0,0.0
7735,0,LEFT_TURN,1,60.0,0.0
7740,0,LEFT_TURN,1,100.0,0.0
7743,0,LEFT_TURN,1,100.0,0.0
7746,0,LEFT_TURN,1,100.0,0.0
7747,0,LEFT_TURN,1,100.0,0.0
7748,0,LEFT_TURN,1,100.0,0.0
7749,0,LEFT_TURN,1,100.0,0.0
7751,0,LEFT_TURN,1,100.0,0.0
7752,0,LEFT_TURN,1,100.0,0.0
7762,0,LEFT_TURN,1,100.0,0.0
7769,0,LEFT_TURN,1,100.0,0.0
7773,0,LEFT_TURN,1,100.0,0.0
7774,0,RIGHT_TURN,1,100.0,0.0
7775,0,LEFT_TURN,1,100.0,0.0
7777,0,LEFT_TURN,1,84.5,0.0
7786,0,LEFT_TURN,1,100.0,0.0
7791,0,LEFT_TURN,1,100.0,0.0
7792,0,LEFT_TURN,1,97.5,0.0
7797,0,LEFT_TURN,1,100.0,0.0
7801,0,LEFT_TURN,1,100.0,0.0
7802,0,LEFT_TURN,1,100.0,0.0
7803,0,LEFT_TURN,1,100.0,0.0
7804,0,LEFT_TURN,1,100.0,0.0
7810,0,LEFT_TURN,1,100.0,0.0
7813,0,LEFT_TURN,1,100.0,0.0
7816,0,LEFT_TURN,1,100.0,0.0
7825,0,LEFT_TURN,1,100.0,0.0
7832,0,LEFT_TURN,1,100.0,0.0
7836,0,LEFT_TURN,1,100.0,0.0
7842,0,LEFT_TURN,1,56.0,0.0
7848,0,LEFT_TURN,1,100.0,0.0
7850,0,LEFT_TURN,1,100.0,0.0
7852,0,LEFT_TURN,1,90.7,0.0
7854,0,LEFT_TURN,1,77.0,0.0
7857,0,LEFT_TURN,1,82.6,0.0
7865,0,LEFT_TURN,1,100.0,0.0
7869,0,LEFT_TURN,1,100.0,0.0
7870,0,LEFT_TURN,1,100.0,0.0
7871,0,LEFT_TURN,1,99.5,0.0
7872,0,LEFT_TURN,1,100.0,0.0
7873,0,LEFT_TURN,1,100.0,0.0
7874,0,LEFT_TURN,1,100.0,0.0
7875,0,LEFT_TURN,1,100.0,0.0
7876,0,LEFT_TURN,1,100.0,0.0
7877,0,LEFT_TURN,1,100.0,0.0
7879,0,LEFT_TURN,1,100.0,0.0
7880,0,LEFT_TURN,1,100.0,0.0
7881,0,LEFT_TURN,1,100.0,0.0
7882,0,LEFT_TURN,1,100.0,0.0
7883,0,LEFT_TURN,1,100.0,0.0
7889,0,LEFT_TURN,1,100.0,0.0
7890,0,LEFT_TURN,1,78.4,0.0
7893,0,LEFT_TURN,1,75.3,0.0
7903,0,LEFT_TURN,1,100.0,0.0
7905,0,LEFT_TURN,1,100.0,0.0
7908,0,LEFT_TURN,1,100.0,0.0
7911,0,LEFT_TURN,1,100.0,0.0
7912,0,LEFT_TURN,1,100.0,0.0
7915,0,LEFT_TURN,1,100.0,0.0
7916,0,LEFT_TURN,1,100.0,0.0
7917,0,LEFT_TURN,1,100.0,0.0
7919,0,LEFT_TURN,1,100.0,0.0
7921,0,LEFT_TURN,1,100.0,0.0
7922,0,LEFT_TURN,1,100.0,0.0
7927,0,LEFT_TURN,1,100.0,0.0
7937,0,LEFT_TURN,1,100.0,0.0
7941,0,LEFT_TURN,1,100.0,0.0
7943,0,LEFT_TURN,1,100.0,0.0
7944,0,LEFT_TURN,1,100.0,0.0
7947,0,LEFT_TURN,1,100.0,0.0
7950,0,LEFT_TURN,1,100.0,0.0
7951,0,LEFT_TURN,1,100.0,0.0
7960,0,LEFT_TURN,1,100.0,0.0
7961,0,LEFT_TURN,1,100.0,0.0
7962,0,LEFT_TURN,1,100.0,0.0
7963,0,LEFT_TURN,1,100.0,0.0
7964,0,LEFT_TURN,1,100.0,0.0
7965,0,LEFT_TURN,1,100.0,0.0
7966,0,LEFT_TURN,1,100.0,0.0
7967,0,LEFT_TURN,1,100.0,0.0
7968,0,LEFT_TURN,1,100.0,0.0
7969,0,LEFT_TURN,1,100.0,0.0
7970,0,LEFT_TURN,1,100.0,0.0
7971,0,LEFT_TURN,1,100.0,0.0
7972,0,LEFT_TURN,1,100.0,0.0
7973,0,LEFT_TURN,1,100.0,0.0
7974,0,LEFT_TURN,1,100.0,0.0
7980,0,LEFT_TURN,1,100.0,0.0
7981,0,LEFT_TURN,1,100.0,0.0
7982,0,LEFT_TURN,1,100.0,0.0
8001,0,LEFT_TURN,1,100.0,0.0
8003,0,LEFT_TURN,1,100.0,0.0
8004,0,LEFT_TURN,1,100.0,0.0
8006,0,LEFT_TURN,1,100.0,0.0
8013,0,LEFT_TURN,1,100.0,0.0
8015,0,LEFT_TURN,1,100.0,0.0
8018,0,LEFT_TURN,1,100.0,0.0
8020,0,LEFT_TURN,1,100.0,0.0
8022,0,LEFT_TURN,1,100.0,0.0
8025,0,LEFT_TURN,1,81.2,0.0
8026,0,LEFT_TURN,1,100.0,0.0
8027,0,LEFT_TURN,1,100.0,0.0
8029,0,RIGHT_TURN,1,100.0,0.0
8030,0,LEFT_TURN,1,100.0,0.0
8031,0,LEFT_TURN,1,100.0,0.0
8040,0,LEFT_TURN,1,100.0,0.0
8041,0,LEFT_TURN,1,100.0,0.0
8072,0,LEFT_TURN,1,100.0,0.0
8105,0,LEFT_TURN,1,100.0,0.0
8107,0,LEFT_TURN,1,100.0,0.0
8125,0,LEFT_TURN,1,100.0,0.0
8126,0,LEFT_TURN,1,100.0,0.0
8129,0,LEFT_TURN,1,100.0,0.0
8130,0,LEFT_TURN,1,100.0,0.0
8135,0,LEFT_TURN,1,100.0,0.0
8136,0,LEFT_TURN,1,100.0,0.0
8142,0,LEFT_TURN,1,100.0,0.0
8148,0,LEFT_TURN,1,100.0,0.0
8150,0,LEFT_TURN,1,100.0,0.0
8151,0,LEFT_TURN,1,100.0,0.0
8161,0,LEFT_TURN,1,100.0,0.0
8163,0,LEFT_TURN,1,100.0,0.0
8164,0,LEFT_TURN,1,100.0,0.0
8165,0,LEFT_TURN,1,100.0,0.0
8166,0,LEFT_TURN,1,100.0,0.0
8169,0,LEFT_TURN,1,100.0,0.0
8171,0,LEFT_TURN,1,100.0,0.0
8172,0,LEFT_TURN,1,100.0,0.0
8174,0,LEFT_TURN,1,100.0,0.0
8179,0,LEFT_TURN,1,100.0,0.0
8187,0,LEFT_TURN,1,100.0,0.0
8197,0,LEFT_TURN,1,100.0,0.0
8209,0,RIGHT_MERGE,1,150.0,0.0
8215,0,LEFT_TURN,1,85.0,0.0
8251,0,LEFT_TURN,1,100.0,0.0
8301,0,LEFT_TURN,1,100.0,0.0
8306,0,LEFT_TURN,1,100.0,0.0
8316,0,LEFT_TURN,1,100.0,0.0
8322,0,LEFT_TURN,1,100.0,0.0
8325,0,LEFT_TURN,1,100.0,0.0
8337,0,LEFT_TURN,1,100.0,0.0
8345,0,LEFT_TURN,1,100.0,0.0
8348,0,LEFT_TURN,1,100.0,0.0
8351,0,LEFT_TURN,1,100.0,0.0
8353,0,LEFT_TURN,1,100.0,0.0
8389,0,LEFT_TURN,1,100.0,0.0
8390,1,RIGHT_TURN,1,100.0,0.0
8457,0,LEFT_TURN,1,300.0,0.0
8459,1,LEFT_TURN,1,100.0,0.0
8464,0,LEFT_TURN,1,155.1,0.0
8467,0,LEFT_TURN,1,65.0,0.0
8485,0,RIGHT_TURN,1,100.0,0.0
8490,0,RIGHT_TURN,1,58.3,0.0
8491,0,LEFT_TURN,1,89.4,0.0
8511,0,LEFT_TURN,1,82.2,0.0
8513,0,LEFT_TURN,1,100.0,0.0
8525,0,LEFT_TURN,1,89.8,0.0
8535,0,LEFT_TURN,1,76.5,0.0
8536,0,LEFT_TURN,1,100.0,0.0
8537,0,LEFT_TURN,1,100.0,0.0
8538,0,LEFT_TURN,1,100.0,0.0
8545,0,LEFT_TURN,1,59.0,0.0
8547,0,LEFT_TURN,1,100.0,0.0
8548,0,LEFT_TURN,1,58.9,0.0
8550,0,LEFT_TURN,1,100.0,0.0
8557,0,LEFT_TURN,1,100.0,0.0
8559,0,LEFT_TURN,1,100.0,0.0
8586,0,LEFT_TURN,1,100.0,0.0
8587,0,LEFT_TURN,1,100.0,0.0
8591,0,LEFT_TURN,1,82.5,0.0
8592,0,LEFT_TURN,1,100.0,0.0
8601,0,LEFT_TURN,1,100.0,0.0
8606,0,LEFT_TURN,1,100.0,0.0
8607,0,LEFT_TURN,1,100.0,0.0
8611,0,LEFT_TURN,1,97.1,0.0
8614,0,LEFT_TURN,1,100.0,0.0
8614,0,RIGHT_TURN,1,100.0,0.0
8622,0,LEFT_TURN,1,94.7,0.0
8625,0,LEFT_TURN,1,100.0,0.0
8628,0,LEFT_TURN,1,100.0,0.0
8630,0,LEFT_TURN,1,100.0,0.0
8631,0,LEFT_TURN,1,100.0,0.0
8632,0,LEFT_TURN,1,100.0,0.0
8641,0,LEFT_TURN,1,100.0,0.0
8645,0,LEFT_TURN,1,81.7,0.0
8648,0,LEFT_TURN,1,100.0,0.0
8654,0,LEFT_TURN,1,100.0,0.0
8658,0,LEFT_TURN,1,75.3,0.0
8659,0,LEFT_TURN,1,100.0,0.0
8660,0,LEFT_TURN,1,100.0,0.0
8663,0,LEFT_TURN,1,100.0,0.0
8667,0,LEFT_TURN,1,61.8,0.0
8668,0,LEFT_TURN,1,100.0,0.0
8676,0,LEFT_TURN,1,100.0,0.0
8680,0,LEFT_TURN,1,100.0,0.0
8682,0,LEFT_TURN,1,100.0,0.0
8683,0,LEFT_TURN,1,100.0,0.0
8690,0,LEFT_TURN,1,100.0,0.0
8710,0,LEFT_TURN,1,100.0,0.0
8713,0,LEFT_TURN,1,100.0,0.0
8716,0,LEFT_TURN,1,100.0,0.0
8719,0,LEFT_TURN,1,52.2,0.0
8720,0,LEFT_TURN,1,100.0,0.0
8729,0,LEFT_TURN,1,75.5,0.0
8734,0,LEFT_TURN,1,100.0,0.0
8737,0,LEFT_TURN,1,85.5,0.0
8757,0,LEFT_TURN,1,90.3,0.0
8758,0,LEFT_TURN,1,93.8,0.0
8772,0,LEFT_TURN,1,100.0,0.0
8774,0,LEFT_TURN,1,100.0,0.0
8778,0,LEFT_TURN,1,100.0,0.0
8789,0,LEFT_TURN,1,100.0,0.0
8801,0,LEFT_TURN,1,100.0,0.0
8808,0,LEFT_TURN,1,100.0,0.0
8811,1,LEFT_TURN,1,100.0,0.0
8825,0,LEFT_TURN,1,100.0,0.0
8825,1,LEFT_TURN,1,100.0,0.0
8826,0,LEFT_TURN,1,100.0,0.0
8827,0,LEFT_TURN,1,100.0,0.0
8829,1,LEFT_TURN,1,100.0,0.0
8830,1,LEFT_TURN,1,100.0,0.0
8832,0,LEFT_TURN,1,100.0,0.0
8834,0,LEFT_TURN,1,100.0,0.0
8836,1,LEFT_TURN,1,100.0,0.0
8837,1,LEFT_TURN,1,100.0,0.0
8838,1,LEFT_TURN,1,100.0,0.0
8839,1,LEFT_TURN,1,100.0,0.0
8840,0,LEFT_TURN,1,100.0,0.0
8840,1,LEFT_TURN,1,100.0,0.0
8841,0,LEFT_TURN,1,91.8,0.0
8843,0,LEFT_TURN,1,100.0,0.0
54249,1,LEFT_MERGE,1,500.0,0.0
54250,1,RIGHT_TURN,1,500.0,0.0
54255,1,LEFT_TURN,1,100.0,0.0
54267,1,LEFT_TURN,1,100.0,0.0
54284,0,LEFT_TURN,1,100.0,0.0
54303,0,LEFT_TURN,1,300.0,0.0
54309,1,LEFT_TURN,1,100.0,0.0
54312,1,LEFT_TURN,1,100.0,0.0
54363,0,LEFT_TURN,1,100.0,0.0
54400,0,LEFT_TURN,1,100.0,0.0
54451,0,RIGHT_TURN,1,88.6,0.0
54505,0,LEFT_TURN,1,100.0,0.0
54505,0,RIGHT_TURN,1,100.0,0.0
54511,0,LEFT_TURN,1,100.0,0.0
54517,0,LEFT_TURN,1,100.0,0.0
54645,0,LEFT_TURN,1,100.0,0.0
54671,1,LEFT_TURN,1,100.0,0.0
54672,0,LEFT_TURN,1,100.0,0.0
54677,1,LEFT_TURN,1,100.0,0.0
54678,1,LEFT_TURN,1,100.0,0.0
54692,0,LEFT_TURN,1,100.0,0.0
54696,0,LEFT_TURN,1,100.0,0.0
54707,0,LEFT_TURN,1,100.0,0.0
54709,1,LEFT_TURN,1,100.0,0.0
54712,0,LEFT_TURN,1,100.0,0.0
54715,0,LEFT_TURN,1,100.0,0.0
54716,0,LEFT_TURN,1,100.0,0.0
54716,1,LEFT_TURN,1,100.0,0.0
54717,1,LEFT_TURN,1,100.0,0.0
54721,0,LEFT_TURN,1,16.1,0.0
54721,1,LEFT_TURN,1,16.1,0.0
54726,0,LEFT_TURN,1,100.0,0.0
54727,0,LEFT_TURN,1,100.0,0.0
54762,1,RIGHT_TURN,1,100.0,0.0
54764,0,LEFT_TURN,1,100.0,0.0
54768,0,LEFT_TURN,1,100.0,0.0
54768,1,LEFT_TURN,1,100.0,0.0
54773,0,LEFT_TURN,1,104.0,0.0
54774,0,LEFT_TURN,1,66.9,0.0
54778,0,LEFT_TURN,1,100.0,0.0
54780,0,LEFT_TURN,1,100.0,0.0
54780,0,RIGHT_TURN,1,100.0,0.0
54781,0,LEFT_TURN,1,100.0,0.0
54782,0,LEFT_TURN,1,100.0,0.0
54782,0,RIGHT_TURN,1,100.0,0.0
54795,0,LEFT_TURN,1,100.0,0.0
54799,0,LEFT_TURN,1,100.0,0.0
54800,0,LEFT_TURN,1,100.0,0.0
54816,1,RIGHT_MERGE,1,60.0,0.0
54818,0,RIGHT_MERGE,1,70.0,0.0
54820,0,LEFT_TURN,1,100.0,0.0
54820,0,RIGHT_TURN,2,100.0,0.0
54820,0,RIGHT_TURN,1,250.0,0.0
54820,1,RIGHT_MERGE,1,250.0,0.0
54825,0,RIGHT_MERGE,1,310.0,0.0
54827,1,RIGHT_MERGE,1,403.0,0.0
54833,1,RIGHT_TURN,1,500.0,0.0
54836,0,LEFT_TURN,1,100.0,0.0
54839,0,LEFT_TURN,1,100.0,0.0
54840,0,LEFT_TURN,1,100.0,0.0
54842,0,RIGHT_TURN,1,100.0,0.0
54843,0,LEFT_TURN,1,100.0,0.0
54852,0,LEFT_TURN,1,100.0,0.0
54866,0,LEFT_TURN,1,100.0,0.0
54869,1,LEFT_TURN,1,87.4,0.0
54876,0,LEFT_TURN,1,100.0,0.0
54881,0,RIGHT_TURN,1,100.0,0.0
54882,1,LEFT_TURN,1,50.4,0.0
54892,0,LEFT_TURN,1,300.0,0.0
54894,0,LEFT_TURN,1,300.0,0.0
54900,0,LEFT_TURN,1,100.0,0.0
54900,1,LEFT_TURN,1,100.0,0.0
54968,0,RIGHT_MERGE,1,263.0,0.0
55017,0,RIGHT_MERGE,1,500.0,0.0
55030,0,RIGHT_MERGE,1,500.0,0.0
55054,1,LEFT_TURN,1,100.0,0.0
55057,0,LEFT_TURN,1,100.0,0.0
55138,0,LEFT_TURN,1,273.1,0.0
55149,0,RIGHT_MERGE,1,500.0,0.0
55160,0,LEFT_TURN,1,100.0,0.0
55160,1,LEFT_TURN,1,100.0,0.0
55162,0,RIGHT_MERGE,1,250.0,0.0
55169,0,LEFT_TURN,1,277.2,0.0
55221,0,LEFT_TURN,1,100.0,0.0
55230,1,LEFT_TURN,1,100.0,0.0
55381,1,RIGHT_TURN,1,100.0,0.0
55404,0,LEFT_TURN,1,100.0,0.0
55409,1,LEFT_TURN,1,100.0,0.0
55409,1,RIGHT_TURN,1,100.0,0.0
55426,0,RIGHT_TURN,1,500.0,0.0
55427,0,RIGHT_MERGE,1,500.0,0.0
55439,0,LEFT_TURN,1,300.0,0.0
55440,0,LEFT_TURN,1,300.0,0.0
55442,0,LEFT_TURN,1,100.0,0.0
55453,0,LEFT_TURN,1,180.6,0.0
55454,0,RIGHT_MERGE,1,500.0,0.0
55459,0,RIGHT_TURN,1,500.0,0.0
55462,0,LEFT_TURN,1,100.0,0.0
55462,1,LEFT_TURN,1,100.0,0.0
55504,0,RIGHT_MERGE,1,500.0,0.0
55506,0,LEFT_TURN,1,167.1,0.0
55568,0,LEFT_TURN,1,100.0,0.0
55572,0,RIGHT_TURN,1,500.0,0.0
55574,0,RIGHT_MERGE,1,500.0,0.0
55626,0,RIGHT_MERGE,1,500.0,0.0
55660,0,LEFT_TURN,1,300.0,0.0
55666,1,LEFT_TURN,1,100.0,0.0
55668,0,LEFT_TURN,1,300.0,0.0
55682,0,RIGHT_MERGE,1,500.0,0.0
55725,1,RIGHT_TURN,1,100.0,0.0
55742,0,LEFT_TURN,1,300.0,0.0
55770,0,RIGHT_MERGE,1,500.0,0.0
55772,0,RIGHT_MERGE,1,500.0,0.0
55820,1,LEFT_TURN,1,100.0,0.0
55828,1,LEFT_TURN,1,100.0,0.0
55878,0,LEFT_TURN,1,100.0,0.0
55880,0,LEFT_TURN,1,100.0,0.0
55880,0,RIGHT_TURN,1,100.0,0.0
55889,0,RIGHT_TURN,1,100.0,0.0
55891,1,LEFT_TURN,1,100.0,0.0
55903,0,RIGHT_MERGE,1,500.0,0.0
55904,0,RIGHT_MERGE,1,500.0,0.0
55933,1,LEFT_TURN,1,100.0,0.0
55950,0,LEFT_TURN,1,100.0,0.0
55951,0,LEFT_TURN,1,100.0,0.0
55970,1,LEFT_TURN,1,58.8,0.0
55999,0,RIGHT_MERGE,1,500.0,0.0
56020,1,LEFT_TURN,1,100.0,0.0
56039,0,RIGHT_MERGE,1,500.0,0.0
56045,1,LEFT_TURN,1,100.0,0.0
56045,1,RIGHT_TURN,1,100.0,0.0
56052,0,LEFT_TURN,1,300.0,0.0
56058,0,LEFT_TURN,1,100.0,0.0
56062,1,LEFT_TURN,1,52.0,0.0
56071,0,RIGHT_MERGE,1,330.0,0.0
56081,0,RIGHT_MERGE,1,338.2,0.0
56083,0,RIGHT_TURN,1,500.0,0.0
56100,0,RIGHT_MERGE,1,500.0,0.0
56147,0,LEFT_TURN,1,100.0,0.0
56159,1,LEFT_TURN,1,100.0,0.0
56160,0,RIGHT_MERGE,1,500.0,0.0
56162,0,RIGHT_MERGE,1,500.0,0.0
56163,0,RIGHT_MERGE,1,500.0,0.0
56165,0,LEFT_TURN,1,257.0,0.0
56171,1,LEFT_TURN,1,100.0,0.0
56172,0,LEFT_TURN,1,250.1,0.0
56180,0,LEFT_TURN,1,100.0,0.0
56180,1,LEFT_TURN,1,100.0,0.0
56181,0,RIGHT_TURN,1,500.0,0.0
56183,0,RIGHT_MERGE,1,500.0,0.0
56186,1,LEFT_TURN,1,100.0,0.0
56211,0,RIGHT_MERGE,1,500.0,0.0
56253,0,RIGHT_MERGE,1,75.0,0.0
56253,1,LEFT_TURN,1,100.0,0.0
56259,0,LEFT_TURN,1,300.0,0.0
56262,0,RIGHT_MERGE,1,500.0,0.0
56288,0,RIGHT_MERGE,1,500.0,0.0
56308,0,LEFT_TURN,1,100.0,0.0
56314,0,LEFT_TURN,1,300.0,0.0
56323,0,LEFT_TURN,1,100.0,0.0
56333,0,LEFT_TURN,1,100.0,0.0
56333,0,RIGHT_TURN,1,100.0,0.0
56334,0,LEFT_TURN,1,100.0,0.0
56345,1,RIGHT_TURN,1,100.0,0.0
56369,0,RIGHT_MERGE,1,500.0,0.0
56374,0,RIGHT_MERGE,1,500.0,0.0
56375,0,RIGHT_MERGE,1,500.0,0.0
56399,0,RIGHT_MERGE,1,250.0,0.0
56414,0,RIGHT_MERGE,1,430.4,0.0
56508,0,RIGHT_MERGE,1,150.0,0.0
56508,1,RIGHT_TURN,1,250.0,0.0
56517,1,LEFT_TURN,1,100.0,0.0
56552,0,LEFT_TURN,1,75.0,0.0
56581,0,LEFT_TURN,1,100.0,0.0
56584,1,LEFT_TURN,1,100.0,0.0
56628,1,RIGHT_TURN,1,100.0,0.0
56633,0,LEFT_TURN,1,300.0,0.0
56636,0,LEFT_TURN,1,100.0,0.0
56636,1,LEFT_TURN,1,100.0,0.0
56666,1,LEFT_TURN,1,100.0,0.0
56674,0,RIGHT_TURN,1,100.0,0.0
56810,0,RIGHT_MERGE,1,500.0,0.0
56814,0,RIGHT_MERGE,1,200.0,0.0
56819,0,RIGHT_MERGE,1,500.0,0.0
56826,0,RIGHT_MERGE,1,255.0,0.0
56831,0,LEFT_TURN,1,100.0,0.0
56852,0,RIGHT_MERGE,1,500.0,0.0
56856,0,RIGHT_MERGE,1,500.0,0.0
56872,0,RIGHT_MERGE,1,500.0,0.0
56878,0,RIGHT_MERGE,1,500.0,0.0
56880,0,RIGHT_MERGE,1,500.0,0.0
56892,0,RIGHT_MERGE,1,500.0,0.0
56893,0,LEFT_TURN,1,52.5,0.0
56894,0,LEFT_TURN,1,246.4,0.0
56906,0,RIGHT_MERGE,1,500.0,0.0
56942,0,RIGHT_MERGE,1,150.0,0.0
56962,0,LEFT_TURN,1,50.1,0.0
56994,0,RIGHT_MERGE,1,500.0,0.0
56996,0,RIGHT_MERGE,1,500.0,0.0
57009,1,RIGHT_MERGE,1,500.0,0.0
57022,1,LEFT_TURN,1,100.0,0.0
57032,0,LEFT_TURN,1,97.2,0.0
57052,0,LEFT_TURN,1,300.0,0.0
57053,0,RIGHT_MERGE,1,500.0,0.0
57056,1,RIGHT_MERGE,1,500.0,0.0
57057,0,RIGHT_MERGE,1,302.0,0.0
57060,1,RIGHT_MERGE,1,500.0,0.0
57065,0,LEFT_TURN,1,300.0,0.0
57067,1,LEFT_TURN,1,100.0,0.0
57086,0,LEFT_TURN,1,100.0,0.0
57092,1,LEFT_TURN,1,100.0,0.0
57098,0,RIGHT_MERGE,1,50.0,0.0
57098,1,LEFT_TURN,1,100.0,0.0
57100,1,LEFT_TURN,1,83.8,0.0
57132,0,LEFT_TURN,1,100.0,0.0
57140,0,LEFT_TURN,1,96.5,0.0
57153,0,LEFT_TURN,1,100.0,0.0
57154,0,LEFT_TURN,1,100.0,0.0
57158,1,LEFT_TURN,1,100.0,0.0
57159,1,LEFT_TURN,1,100.0,0.0
57163,1,LEFT_TURN,1,100.0,0.0
57164,0,LEFT_TURN,1,100.0,0.0
57193,1,LEFT_TURN,1,100.0,0.0
57212,1,RIGHT_MERGE,1,500.0,0.0
57240,0,RIGHT_MERGE,1,500.0,0.0
57268,0,LEFT_TURN,1,100.0,0.0
57275,1,LEFT_TURN,1,100.0,0.0
57276,0,LEFT_TURN,1,100.0,0.0
57298,0,RIGHT_MERGE,1,500.0,0.0
57301,1,LEFT_TURN,1,100.0,0.0
57317,0,LEFT_TURN,1,100.0,0.0
57322,1,LEFT_TURN,1,100.0,0.0
57375,0,RIGHT_TURN,1,500.0,0.0
57379,0,RIGHT_MERGE,1,488.3,0.0
57381,1,RIGHT_MERGE,1,370.5,0.0
57431,0,LEFT_TURN,1,100.0,0.0
57448,0,LEFT_TURN,1,100.0,0.0
57455,0,LEFT_TURN,1,54.4,0.0
57489,0,RIGHT_MERGE,1,272.0,0.0
57492,0,RIGHT_MERGE,1,105.0,0.0
57499,1,RIGHT_MERGE,1,243.0,0.0
57524,1,RIGHT_MERGE,1,265.7,0.0
57530,0,RIGHT_MERGE,1,500.0,0.0
57530,1,RIGHT_TURN,1,500.0,0.0
57580,1,RIGHT_MERGE,1,37.5,0.0
57625,0,LEFT_TURN,1,100.0,0.0
57627,0,LEFT_TURN,1,100.0,0.0
57633,1,LEFT_TURN,1,100.0,0.0
57634,1,LEFT_TURN,1,100.0,0.0
57656,0,RIGHT_MERGE,1,80.9,0.0
57664,1,RIGHT_MERGE,1,46.7,0.0
57704,1,RIGHT_MERGE,1,52.7,0.0
57712,0,RIGHT_MERGE,1,282.0,0.0
57749,1,LEFT_TURN,1,100.0,0.0
57760,1,LEFT_TURN,1,272.6,0.0
57777,0,LEFT_TURN,1,100.0,0.0
57778,1,LEFT_TURN,1,100.0,0.0
57780,1,LEFT_TURN,1,100.0,0.0
57784,1,LEFT_TURN,1,100.0,0.0
57791,1,LEFT_TURN,1,100.0,0.0
57792,1,LEFT_TURN,1,100.0,0.0
57816,1,LEFT_TURN,1,155.6,0.0
57820,0,LEFT_TURN,1,100.0,0.0
57857,1,LEFT_TURN,1,96.0,0.0
57859,0,LEFT_TURN,1,100.0,0.0
57869,1,LEFT_TURN,1,100.0,0.0
57873,0,LEFT_TURN,1,100.0,0.0
57887,1,RIGHT_MERGE,1,500.0,0.0
57888,1,RIGHT_MERGE,1,500.0,0.0
57892,0,RIGHT_MERGE,1,358.5,0.0
57895,0,LEFT_TURN,1,100.0,0.0
57942,0,LEFT_TURN,1,100.0,0.0
57948,0,LEFT_TURN,1,100.0,0.0
57952,1,LEFT_TURN,1,100.0,0.0
57957,1,LEFT_TURN,1,80.2,0.0
57958,1,LEFT_TURN,1,100.0,0.0
57971,0,LEFT_TURN,1,100.0,0.0
57972,0,LEFT_TURN,1,300.0,0.0
57978,0,RIGHT_TURN,1,500.0,0.0
57981,1,RIGHT_TURN,1,500.0,0.0
57996,0,LEFT_TURN,1,100.0,0.0
58013,1,LEFT_TURN,1,300.0,0.0
58014,1,RIGHT_MERGE,1,500.0,0.0
58035,1,LEFT_TURN,1,100.0,0.0
58053,0,LEFT_TURN,1,100.0,0.0
58058,0,LEFT_TURN,1,100.0,0.0
58079,0,RIGHT_MERGE,1,500.0,0.0
58082,0,LEFT_TURN,1,100.0,0.0
58083,1,LEFT_TURN,1,300.0,0.0
58085,0,RIGHT_MERGE,1,500.0,0.0
58088,1,LEFT_TURN,1,100.0,0.0
58106,0,LEFT_TURN,1,100.0,0.0
58109,1,RIGHT_MERGE,1,500.0,0.0
58127,0,LEFT_TURN,1,300.0,0.0
58158,1,RIGHT_MERGE,1,436.7,0.0
58175,1,LEFT_TURN,1,300.0,0.0
58176,0,LEFT_TURN,1,100.0,0.0
58176,1,LEFT_TURN,1,100.0,0.0
58177,0,LEFT_TURN,1,163.4,0.0
58227,0,LEFT_TURN,1,96.8,0.0
58228,0,LEFT_TURN,1,96.6,0.0
58232,0,RIGHT_MERGE,1,470.0,0.0
58234,1,RIGHT_MERGE,1,500.0,0.0
58300,0,LEFT_TURN,1,300.0,0.0
58302,0,RIGHT_MERGE,1,500.0,0.0
58303,0,RIGHT_MERGE,1,500.0,0.0
58303,0,RIGHT_MERGE,2,480.0,0.0
58307,0,RIGHT_MERGE,1,200.0,0.0
58313,0,RIGHT_MERGE,1,160.0,0.0
58318,0,LEFT_TURN,1,155.1,0.0
58323,0,LEFT_TURN,1,75.0,0.0
58349,0,LEFT_MERGE,1,222.0,0.0
58349,0,RIGHT_MERGE,1,222.0,0.0
58358,0,LEFT_TURN,2,110.0,0.0
58358,0,LEFT_TURN,1,110.0,0.0
58378,0,RIGHT_TURN,1,85.0,0.0
58378,0,RIGHT_TURN,2,85.0,0.0
58380,1,RIGHT_TURN,1,173.0,0.0
58381,1,LEFT_TURN,1,200.0,0.0
58382,0,LEFT_TURN,1,53.0,0.0
58392,1,LEFT_TURN,1,50.0,0.0
